Feature ID	Taxon	Confidence
d272bf25781448dde9031a24679a9012	Bacteria;Bacteroidota;Bacteroidia;Bacteroidales;Bacteroidaceae;Bacteroides;Bacteroides-acidifaciens	0.9643284040687439
d33d84f90d2924040cf2eb66c7abe2fc	Bacteria;Firmicutes;Bacilli;Lactobacillales;Lactobacillaceae;Lactobacillus;Lactobacillus-murinus	0.9294143295852773
ec098ad12ef2923b449a01762462578b	Bacteria;Firmicutes;Bacilli;Lactobacillales;Streptococcaceae;Lactococcus	0.9999999998861913
cb7b937fdccf682f018b57aa6b9d92b2	Bacteria;Actinobacteriota;Actinobacteria;Bifidobacteriales;Bifidobacteriaceae;Bifidobacterium	0.9999999999006096
b6c1a8ba78f65c4a4e96627ccc53ac86	Bacteria;Firmicutes;Bacilli;Lactobacillales;Lactobacillaceae;Lactobacillus	0.9999999999958569
1dcd5cddd286ba7e9e4786d8d8c1d201	Bacteria;Bacteroidota;Bacteroidia;Bacteroidales;Prevotellaceae;Alloprevotella;uncultured-Bacteroidales-bacterium	0.9974297254817243
77b9851880c51f6bd7f9f7d9eefee583	Bacteria;Bacteroidota;Bacteroidia;Bacteroidales;Bacteroidaceae;Bacteroides	0.999999987215419
d4d8164137f9c7bff371e4a611eff9d7	Bacteria;Firmicutes;Clostridia;Lachnospirales;Lachnospiraceae	0.9999839885969857
f53aeb5a124d986af7766210d158019b	Bacteria;Firmicutes;Clostridia;Lachnospirales;Lachnospiraceae;Roseburia;uncultured-bacterium	0.828182851957941
97ccb7279e702b364b30af7401d483ef	Bacteria;Firmicutes;Clostridia;Clostridia-UCG-014;unidentified	0.9907890285572963
dfa833b266bd2993b86feab3617b34c3	Bacteria;Verrucomicrobiota;Verrucomicrobiae;Verrucomicrobiales;Akkermansiaceae;Akkermansia;Akkermansia-muciniphila	0.8531979014308606
4e5af7886038ba2b47abf8de12d6230f	Bacteria;Firmicutes;Bacilli;Erysipelotrichales;Erysipelatoclostridiaceae;Erysipelatoclostridium;uncultured-bacterium	0.7881366410313919
d6f6819315230e8d29170aa908269c34	Bacteria;Firmicutes;Clostridia;Lachnospirales;Lachnospiraceae;Lachnospiraceae-NK4A136-group;uncultured-bacterium	0.8711191586151477
68fa6eb93675602681b474cb0ce9048b	Bacteria;Firmicutes;Clostridia;Lachnospirales;Lachnospiraceae;Blautia	0.9999998658753397
2893aeb225744a49866e347886550112	Bacteria;Bacteroidota;Bacteroidia;Bacteroidales;Muribaculaceae;uncultured-bacterium	0.7550612696222242
3af1ce1958d93626781ddb08138c1555	Bacteria;Firmicutes;Clostridia;Lachnospirales;Lachnospiraceae	0.9999858667882177
2459dfd1bc9cad6486f97314e0070bee	Bacteria;Bacteroidota;Bacteroidia;Bacteroidales;Muribaculaceae;uncultured-bacterium	0.999871502228228
c7257bd17077580eef9a39f461d4106d	Bacteria;Firmicutes;Clostridia;Lachnospirales;Lachnospiraceae	0.999999878010921
ab44862dfbb39d25dd3f5f93a63244c7	Bacteria;Bacteroidota;Bacteroidia;Bacteroidales;Rikenellaceae;Alistipes;uncultured-bacterium	0.9385168998400744
d76842020113eb2a8bcbf3cd7a7e67a5	Bacteria;Bacteroidota;Bacteroidia;Bacteroidales;Rikenellaceae;Alistipes;uncultured-bacterium	0.9325956163783488
ed7c23c36478a883667859c2b3c010ea	Bacteria;Firmicutes;Clostridia;Lachnospirales;Lachnospiraceae	0.9999999691085939
2f69f78654c210e5f6fc0c4ad01a09a5	Bacteria;Bacteroidota;Bacteroidia;Bacteroidales;Prevotellaceae;Alloprevotella;uncultured-Bacteroidales-bacterium	0.9982135581010677
e94a9da4bdf2d1d6fd8b6216ea53a5ab	Bacteria;Firmicutes;Bacilli;Lactobacillales;Lactobacillaceae;Lactobacillus	0.9999999996909118
34153e727eec04478be507cc5343405a	Bacteria;Firmicutes;Clostridia;Lachnospirales;Lachnospiraceae;uncultured;uncultured-bacterium	0.8473062954939514
f4b946aa0c512befbc9abcc303de0c8c	Bacteria;Firmicutes;Clostridia;Oscillospirales;[Eubacterium]-coprostanoligenes-group;gut-metagenome	0.8580910809348999
dd743437a8d4cbd4fae3e2274b64e7fc	Bacteria;Firmicutes;Clostridia;Lachnospirales;Lachnospiraceae;Lachnoclostridium	0.9775169061465232
427f5142ae52662b7db0bdd5689461f0	Bacteria;Firmicutes;Bacilli;Lactobacillales;Enterococcaceae;Enterococcus	0.9999443289429217
2516347849c4f087b318093b5e441dd3	Bacteria;Firmicutes;Clostridia;Lachnospirales;Lachnospiraceae;[Eubacterium]-fissicatena-group;uncultured-bacterium	0.9608648581943088
d47c3e0c088f9573cf1fef5c3a32b048	Bacteria;Firmicutes;Clostridia;Oscillospirales;Ruminococcaceae;Anaerotruncus;uncultured-bacterium	0.9241491376975981
2d257553a6e4a29d1049474d2805c1fb	Bacteria;Firmicutes;Clostridia;Lachnospirales;Lachnospiraceae;Lachnoclostridium;Dorea-sp.-5-2	0.960501795429397
89a6c15cf31792ba04d17860e9492227	Bacteria;Firmicutes;Clostridia;Lachnospirales;Lachnospiraceae	0.9999980768611862
72fc83376ab79b7f6bc3bc9902f8da11	Bacteria;Firmicutes;Clostridia;Lachnospirales;Lachnospiraceae	0.9999838853195883
bd01119f1696ad8fb3394d742090be40	Bacteria;Firmicutes;Clostridia;Lachnospirales;Lachnospiraceae	0.9999999513122932
a6ecce04b6770ba62df9347a9855f8dd	Bacteria;Firmicutes;Clostridia;Lachnospirales;Lachnospiraceae;uncultured	0.9207338614349473
38ed7202efb87e3468f28422c76f6a86	Bacteria;Bacteroidota;Bacteroidia;Bacteroidales;Muribaculaceae;uncultured-bacterium	0.7664023667151685
92c3e9828b72f5125d67007e640f2785	Bacteria;Firmicutes;Clostridia;Lachnospirales;Lachnospiraceae;uncultured;unidentified	0.9964919143859803
8383a9394d839568543ff7a5decb1956	Bacteria;Firmicutes;Clostridia;Oscillospirales;Oscillospiraceae;uncultured;uncultured-bacterium	0.9757205215455463
277fdf63cae1ed08041a21be01b91953	Bacteria;Firmicutes;Clostridia;Lachnospirales;Lachnospiraceae;Blautia;Lachnospiraceae-bacterium-DW59	0.999946184165149
b8aac847144c04285bc3bb3f60a2782f	Bacteria;Firmicutes;Clostridia;Lachnospirales;Lachnospiraceae;Lachnoclostridium;uncultured-bacterium	0.8844093170158581
57a2780152d4c79535f9c71d21c87db8	Bacteria;Firmicutes;Clostridia;Lachnospirales;Lachnospiraceae;Lachnospiraceae-NK4A136-group	0.9838920425964431
4e237c595da5cb9529b22d4795613121	Bacteria;Firmicutes;Clostridia;Lachnospirales;Lachnospiraceae	0.9999525325349142
7643e215cbe9703dd7abe9d4488265b3	Bacteria;Firmicutes;Clostridia;Lachnospirales;Lachnospiraceae;Lachnospiraceae-NK4A136-group	0.9973137532090064
851e5232eb7b349147288db209486f5f	Bacteria;Firmicutes;Clostridia;Lachnospirales;Lachnospiraceae;Lachnospiraceae-NK4A136-group	0.9684508825333202
ce7a2407ed838da5a4c2691f45431b43	Bacteria;Bacteroidota;Bacteroidia;Bacteroidales;Muribaculaceae;uncultured-Bacteroidales-bacterium	0.9942646408922786
340ce4c77b7841ce9ae4977c2246bc80	Bacteria;Firmicutes;Clostridia;Lachnospirales;Lachnospiraceae;GCA-900066575;uncultured-bacterium	0.986233128138619
deabfa9b86859ef2403b750939009ee3	Bacteria;Firmicutes;Clostridia;Lachnospirales;Lachnospiraceae;Blautia;Lachnospiraceae-bacterium-28-4	0.7286331762048981
bc870ddc91fc262ea74d6247a1d07076	Bacteria;Firmicutes;Bacilli;Lactobacillales;Streptococcaceae;Streptococcus;Streptococcus-danieliae	0.9270826975353336
502cf695cff8fa8c8f4b5ff22286a22e	Bacteria;Firmicutes;Bacilli;Lactobacillales;Streptococcaceae;Streptococcus;Streptococcus-danieliae	0.8938116713059898
6653c92dc7618280b132aeae2a9291cc	Bacteria;Firmicutes;Clostridia;Lachnospirales;Lachnospiraceae;Tuzzerella;uncultured-bacterium	0.937961102202038
bb962ea4a06215e3a822808f5ca5a815	Bacteria;Firmicutes;Clostridia;Lachnospirales;Lachnospiraceae;Lachnospiraceae-NK4A136-group	0.9952793470259385
c4fb58da9aff3c83c971c488ebd3cb70	Bacteria;Firmicutes;Clostridia;Lachnospirales;Lachnospiraceae;GCA-900066575;uncultured-bacterium	0.9839792723011032
25154dce0a9ac8aeccb1f9781b0fbea6	Bacteria;Firmicutes;Clostridia;Lachnospirales;Lachnospiraceae	0.9999994287356864
07efe1dcf1b2ba7f941f4c2632ae6957	Bacteria;Firmicutes;Clostridia;Oscillospirales;Oscillospiraceae;Colidextribacter;uncultured-Clostridiales-bacterium	0.8201312123032188
ccb80719aaf6b52bd8256aecd9c2b56c	Bacteria;Firmicutes;Bacilli;Erysipelotrichales;Erysipelotrichaceae;Turicibacter	0.9999999997999878
6df03ca31f36784bdaa9eab258759195	Bacteria;Firmicutes;Clostridia;Lachnospirales;Lachnospiraceae	0.9999998679046452
d0a152210e2ca09c67ee88a1b3a26ab3	Bacteria;Firmicutes;Clostridia;Lachnospirales;Lachnospiraceae	0.9999996322228129
418516f907a044dc4a050a956456a790	Bacteria;Firmicutes;Clostridia;Lachnospirales;Lachnospiraceae;Lachnospiraceae-NK4A136-group;uncultured-bacterium	0.8197490640321344
b0270cad02f8ca3bfc89a92c2a663bd1	Bacteria;Firmicutes;Bacilli;Erysipelotrichales;Erysipelatoclostridiaceae;Erysipelatoclostridium	0.9999999681533973
fd3f0ad2379a32c7bf86a3133e5b1879	Bacteria;Firmicutes;Clostridia;Oscillospirales;Oscillospiraceae;Oscillibacter;unidentified	0.8018252450898955
2bd2f1b380bc3255d4532f30690431bf	Bacteria;Firmicutes;Clostridia;Lachnospirales;Lachnospiraceae;GCA-900066575;uncultured-bacterium	0.9553500603657553
692908d9e8dc244214e861f18774ffb2	Bacteria;Firmicutes;Clostridia;Oscillospirales;Oscillospiraceae;uncultured	0.712717391639075
e9b2dd709e597470d2d8ded16c2bad44	Bacteria;Firmicutes;Clostridia;Oscillospirales;Oscillospiraceae;uncultured;uncultured-bacterium	0.9843863997411331
c309c5de1bc33d058b30316c97635d5b	Bacteria;Firmicutes;Bacilli;Lactobacillales;Lactobacillaceae;Lactobacillus	0.9999999990627554
8effe6909c611f74f4693508b4890f7c	Bacteria;Firmicutes;Bacilli;Lactobacillales;Lactobacillaceae;Lactobacillus	0.9999999989084006
6362e5eb873655af7f60dbd099fbfe71	Bacteria;Firmicutes;Bacilli;Erysipelotrichales;Erysipelatoclostridiaceae;Erysipelatoclostridium;unidentified	0.9892946448239007
7ca8e4ee1186c7392d160a7dc543b6de	Bacteria;Firmicutes;Clostridia;Lachnospirales;Lachnospiraceae	0.9999999428664812
65fa0c817b172bce9d4311734344f433	Bacteria;Bacteroidota;Bacteroidia;Bacteroidales;Muribaculaceae	0.9999999998393169
2173688f3c2254db2cf905a6c350bf79	Bacteria;Firmicutes;Clostridia;Oscillospirales;Oscillospiraceae;Oscillibacter;uncultured-bacterium	0.8637674607460797
03827d6322ebbc35fd780b2d59d01775	Bacteria;Firmicutes;Clostridia;Lachnospirales;Lachnospiraceae;Lachnoclostridium	0.8936780943464779
8c189797b5ccaf0e301ea63605a91143	Bacteria;Firmicutes;Clostridia;Lachnospirales;Lachnospiraceae	0.9982384865272437
973360718cfb0d1806d43527cb25adb3	Bacteria;Firmicutes;Clostridia;Lachnospirales;Lachnospiraceae;Lachnoclostridium	0.8394036683987717
5033b6951462e70ee6301ce9c9ebe8c5	Bacteria;Firmicutes;Clostridia;Lachnospirales;Lachnospiraceae	0.9999997437333366
ffc36e27c82042664a16bcd4d380b286	Bacteria;Proteobacteria;Gammaproteobacteria;Enterobacterales;Enterobacteriaceae;Escherichia-Shigella	0.9991482416486046
74a4886b0aa290a2fa8ca0d908b2f912	Bacteria;Firmicutes;Clostridia;Oscillospirales;Oscillospiraceae;uncultured	0.717216930355232
1e4a25e88c4c547b41d40a6f630c3896	Bacteria;Firmicutes;Clostridia;Lachnospirales;Lachnospiraceae	0.999999952092048
2f3367988d9c042e164281d72e718b9b	Bacteria;Firmicutes;Clostridia;Lachnospirales;Lachnospiraceae	0.9999981616751773
f2195a55c27091f19d717a5bc3cde037	Bacteria;Bacteroidota;Bacteroidia;Bacteroidales;Bacteroidaceae;Bacteroides;Bacteroides-acidifaciens	0.9602079435008514
4a1d87a9a23727836f3a5f880aad6321	Bacteria;Firmicutes;Bacilli;Erysipelotrichales;Erysipelatoclostridiaceae;Erysipelatoclostridium;unidentified	0.9832218727973961
e044e49c01e2f0c27464750ff2e839e6	Bacteria;Firmicutes;Clostridia;Lachnospirales;Lachnospiraceae;GCA-900066575;uncultured-bacterium	0.9992677342188615
58038055caa314c384db91ebb63e2902	Bacteria;Firmicutes;Clostridia;Lachnospirales;Lachnospiraceae;Lachnospiraceae-FCS020-group;mouse-gut-metagenome	0.8828876520214199
c98a88d7223d51f3036702ae226208e4	Bacteria;Firmicutes;Clostridia;Oscillospirales;Oscillospiraceae;Colidextribacter	0.9052654298184566
97130d028b5f12baca8a1feaf5b00f83	Bacteria;Bacteroidota;Bacteroidia;Bacteroidales;Muribaculaceae;uncultured-bacterium	0.7990563642676097
1d42257239e8407396cd155b16ad2a3f	Bacteria;Firmicutes;Clostridia;Clostridia-UCG-014	0.9999999999970772
f36c4402729e750fd0ce3966433a9aeb	Bacteria;Firmicutes;Bacilli;Erysipelotrichales;Erysipelatoclostridiaceae;Candidatus-Stoquefichus;uncultured-bacterium	0.9999876443890419
f4fac2a0b9f60fc53422f64f8e1c4fd5	Bacteria;Firmicutes;Clostridia;Lachnospirales;Lachnospiraceae	0.9999995081291605
b7409db20419d9921bb75f9b0129d9ad	Bacteria;Firmicutes;Clostridia;Lachnospirales;Lachnospiraceae;Lachnospiraceae-UCG-006	0.9998477870412238
c3675c413e2dbf5caa9a94f7cd6a159e	Bacteria;Bacteroidota;Bacteroidia;Bacteroidales;Muribaculaceae;Muribaculum	0.9999999634545036
5fc798b1df3bcda5e68c5d88d8d39402	Bacteria;Firmicutes;Clostridia;Lachnospirales;Lachnospiraceae;uncultured;uncultured-bacterium	0.8235446588782986
2e430a69a5fa640a51af31d238ce55c2	Bacteria;Firmicutes;Bacilli;Lactobacillales;Streptococcaceae;Lactococcus	0.9999999998753986
31499800e80e19e115ce7fca8d32f603	Bacteria;Bacteroidota;Bacteroidia;Bacteroidales;Muribaculaceae;uncultured-Bacteroidales-bacterium	0.9950399737538524
85ed3d8c30f1cf7ad10a011d18724cab	Bacteria;Firmicutes;Clostridia;Lachnospirales;Lachnospiraceae	0.9999994525650545
68f8f7604872a6d4fed9b2b43064aee4	Bacteria;Firmicutes;Clostridia;Oscillospirales;Oscillospiraceae;Colidextribacter	0.8626523313956935
112adc0ffa68eed2345db733879b40e0	Bacteria;Firmicutes;Clostridia;Lachnospirales;Lachnospiraceae;uncultured;Clostridium-sp.-Culture-27	0.9999725110004559
09782ed04138ce2dfa093f0f435b204b	Bacteria;Firmicutes;Clostridia;Lachnospirales;Lachnospiraceae	0.9999400427868541
41b3129038117b7c9e14dda9ef77dbd1	Bacteria;Firmicutes;Clostridia;Oscillospirales;Ruminococcaceae;Incertae-Sedis	0.9999922564723834
0fb65b97cfcb0d59dfb10e73fc2e6e32	Bacteria;Firmicutes;Bacilli;Lactobacillales;Enterococcaceae;Enterococcus	0.9983780774768655
e399a15427ead6c8a6557f052e0fcd32	Bacteria;Firmicutes;Clostridia;Clostridia-UCG-014	0.999999999999875
21a1e0c27c5db9fe1d5d9cc3a7a044ea	Bacteria;Firmicutes;Clostridia;Peptostreptococcales-Tissierellales;Anaerovoracaceae;[Eubacterium]-nodatum-group	0.999700543999065
9fd961bdeaeee0f87181f0ff9492f9fd	Bacteria;Bacteroidota;Bacteroidia;Bacteroidales;Bacteroidaceae;Bacteroides;Bacteroides-caecimuris	0.9906809544745172
1fa863f25bafc670ddb3b8614abe5c40	Bacteria;Firmicutes;Clostridia;Oscillospirales;Oscillospiraceae;Oscillibacter;uncultured-bacterium	0.9967413783776626
8e758fab5a4814776f6159e5f1d40426	Bacteria;Firmicutes;Bacilli;Staphylococcales;Staphylococcaceae;Staphylococcus	0.9999948998508816
d9ab7b3bfe9c797dc641913fa636c540	Bacteria;Firmicutes;Clostridia;Oscillospirales;Oscillospiraceae;uncultured;unidentified	0.9311600407514642
f726379eeeb8668dfff42635ad0bdb7a	Bacteria;Firmicutes;Clostridia;Lachnospirales;Lachnospiraceae;Roseburia	0.9907628761723379
0823df32513e402ca13e891c07465dff	Bacteria;Firmicutes;Clostridia;Oscillospirales;Oscillospiraceae;uncultured;unidentified	0.9236789586713519
9be742be1d5e89ddcc01e18fa13fad21	Bacteria;Firmicutes;Clostridia;Lachnospirales;Lachnospiraceae;Lachnoclostridium;Dorea-sp.-5-2	0.9425976103525768
4b0ae96ba7d2990898244875daeb029c	Bacteria;Firmicutes;Clostridia;Peptococcales;Peptococcaceae;uncultured;uncultured-bacterium	0.7362122711435002
96661ad38b7d2689559274fd3b33a881	Bacteria;Firmicutes;Clostridia;Lachnospirales;Lachnospiraceae	0.9999998525824181
49fa18d00d856ce0514e44084a813a83	Bacteria;Firmicutes;Clostridia;Lachnospirales;Lachnospiraceae;uncultured;uncultured-bacterium	0.9620458287805788
ba09276c9d6c4899e3cb3417940537f8	Bacteria;Firmicutes;Clostridia;Lachnospirales;Lachnospiraceae;GCA-900066575;uncultured-bacterium	0.9940818741680064
5fb94f804715b4d90f191c413efef44e	Bacteria;Firmicutes;Bacilli;Erysipelotrichales;Erysipelotrichaceae;Faecalibaculum	0.9999999999971394
0b4dde851a396784957d032df0893115	Bacteria;Firmicutes;Clostridia;Clostridia-UCG-014;unidentified	0.9868958484796008
8ae3caba9b8bffe6cd0720d0bf0861b7	Bacteria;Firmicutes;Clostridia;Lachnospirales;Lachnospiraceae;Lachnospiraceae-FCS020-group;uncultured-bacterium	0.8701255720299848
0b29226175aa934165bdc54fb4f99e87	Bacteria;Firmicutes;Clostridia;Lachnospirales;Lachnospiraceae;Lachnoclostridium;Dorea-sp.-5-2	0.9178637495136963
916a4fd68da3c171e2d7957ac85c32a1	Bacteria;Firmicutes;Clostridia;Lachnospirales;Lachnospiraceae	0.9930796754796506
f5210c9c83b265473ce108300278d8bf	Bacteria;Firmicutes;Clostridia;Lachnospirales;Lachnospiraceae;uncultured;uncultured-bacterium	0.7056534498370411
ae3e491751ba76faf78631068b4cb48d	Bacteria;Firmicutes;Clostridia;Oscillospirales;Oscillospiraceae	0.999999773575265
7e277ef80cf288fd50b26bd8871b3092	Bacteria;Firmicutes;Clostridia;Oscillospirales;Oscillospiraceae;Oscillibacter;uncultured-bacterium	0.8862250541412385
ea7a27a4cd49979c5b6f0a3ccf327a3e	Bacteria;Firmicutes;Bacilli;Lactobacillales;Lactobacillaceae;Lactobacillus;Lactobacillus-murinus	0.8546299693957655
18489763aab9f6f1249bfc894a645753	Bacteria;Bacteroidota;Bacteroidia;Bacteroidales;Bacteroidaceae;Bacteroides;Bacteroides-caecimuris	0.9978263588405571
19d1ac8febd7ed7dcecb8d12eb4954c1	Bacteria;Firmicutes;Clostridia;Lachnospirales;Lachnospiraceae;Lachnospiraceae-NK4A136-group	0.9848768636862376
151e42d762610156c1ecec31f8acfa87	Bacteria;Firmicutes;Clostridia;Oscillospirales;UCG-010;uncultured-organism	0.9622153157600872
8c8cd1cc4122ee8bbed77056f0065457	Bacteria;Firmicutes;Clostridia;Lachnospirales;Lachnospiraceae;uncultured	0.825788234231046
50f924a04d7400549a5726f23256fe71	Bacteria;Firmicutes;Bacilli;Staphylococcales;Staphylococcaceae;Staphylococcus	0.9999835337806429
02e79825191bf9f72c7db605d68d4a00	Bacteria;Firmicutes;Clostridia;Oscillospirales;Ruminococcaceae;Incertae-Sedis;uncultured-bacterium	0.9698779364754221
d59bdb64b22b623138339604a1f919c3	Bacteria;Firmicutes;Clostridia;Lachnospirales;Lachnospiraceae;Lachnoclostridium;Dorea-sp.-5-2	0.966271018871905
25362e54b2396a81f9e113419dd98905	Bacteria;Firmicutes;Clostridia;Clostridia-UCG-014;uncultured-rumen-bacterium	0.7560890310101864
cac9ada803fb850876a6addcb311c2a6	Bacteria;Firmicutes;Bacilli;Lactobacillales;Enterococcaceae;Enterococcus	0.9998567283249589
8a277b2ad67397ceaedcaba78c4d5027	Bacteria;Firmicutes;Clostridia;Lachnospirales;Lachnospiraceae;Acetatifactor;uncultured-bacterium	0.9998107644522718
d585fd2188706c6e80793a7b50b3a779	Bacteria;Firmicutes;Clostridia;Lachnospirales;Lachnospiraceae;Blautia;unidentified	0.9969452765564816
dd1c9eab05239cca1411d2c4e0dc5da0	Bacteria;Firmicutes;Clostridia;Clostridia-UCG-014	0.9999999999999263
639865637c63033139304f93d6fdfc3c	Bacteria;Firmicutes;Clostridia;Lachnospirales;Lachnospiraceae	0.9999999698128548
ddf507751b49961b729adbcef3eaf3c7	Bacteria;Firmicutes;Clostridia;Lachnospirales;Lachnospiraceae	0.9999959487206362
25e847d3fdcd57ed7f37169842b66d54	Bacteria;Firmicutes;Clostridia;Clostridia-vadinBB60-group;uncultured-bacterium	0.9472452823823997
12a8ebc457958d609f521ce32525b0ca	Bacteria;Firmicutes;Clostridia;Oscillospirales;Ruminococcaceae;Incertae-Sedis;uncultured-Clostridiales-bacterium	0.9997961017897246
2a1e15ef4712e1b6e11541b4b517ea4d	Bacteria;Firmicutes;Clostridia;Peptostreptococcales-Tissierellales;Anaerovoracaceae;[Eubacterium]-brachy-group;uncultured-bacterium	0.999994522571109
1dc8d7e787545815a765da6658413c4b	Bacteria;Firmicutes;Clostridia;Oscillospirales;Oscillospiraceae;Oscillibacter	0.9925135529084124
a2dea9943b2a9ae43cafdf4239ad74ba	Bacteria;Firmicutes;Clostridia;Lachnospirales;Lachnospiraceae	0.9999827787823599
63afd5222bbcd2d49e083f44f9da3aba	Bacteria;Firmicutes;Clostridia;Oscillospirales;Oscillospiraceae	0.9999490448387438
49da2429319bb8bab3d9139319699d74	Bacteria;Firmicutes;Clostridia;Lachnospirales;Lachnospiraceae;Lachnospiraceae-NK4A136-group	0.99249873030252
16d389a6f02ef11e7016e1aadc83f261	Bacteria;Firmicutes;Clostridia;Clostridia-UCG-014	0.9999999999999009
a1d41880e10556da5da13d21b32d742f	Bacteria;Firmicutes;Clostridia;Lachnospirales;Lachnospiraceae;GCA-900066575;uncultured-bacterium	0.9814219016271246
ffb64c1000d6bddd49e4d839ef69059c	Bacteria;Firmicutes;Clostridia;Oscillospirales;Oscillospiraceae;Oscillibacter	0.9293283744876148
b3dcc0fd3cd0c82ded1f95e29eb47ffe	Bacteria;Firmicutes;Clostridia;Peptococcales;Peptococcaceae;Peptococcus;uncultured-bacterium	0.9966534368796134
6ea30e67bbe635644952ec53eb5ca5c5	Bacteria;Firmicutes;Clostridia;Lachnospirales;Lachnospiraceae;Blautia;Lachnospiraceae-bacterium-28-4	0.728713668503306
95da533c3519618ed77294d2097801ef	Bacteria;Firmicutes;Clostridia;Oscillospirales;Ruminococcaceae;Incertae-Sedis;uncultured-Clostridiales-bacterium	0.9999183894296195
c9893df8bdb4582e5398f763cda225e6	Bacteria;Firmicutes;Clostridia;Lachnospirales;Lachnospiraceae	0.99997781389712
38374bcec65fda040510df051f3f15a9	Bacteria;Bacteroidota;Bacteroidia;Bacteroidales;Bacteroidaceae;Bacteroides	0.9999999678761674
0fdcb15125926008f79a128031b3448b	Bacteria;Firmicutes;Clostridia;Oscillospirales;Oscillospiraceae;Oscillibacter	0.7193656257103578
f7990654fa7abb462cd37f1c83301ba6	Bacteria;Firmicutes;Clostridia;Lachnospirales;Lachnospiraceae;Roseburia;uncultured-bacterium	0.9680815875989808
8dc370dc050d802a5de6074c14be9add	Bacteria;Firmicutes;Clostridia;Lachnospirales;Lachnospiraceae;Acetatifactor;uncultured-bacterium	0.7064408875541648
a1b177320d5a1f43a414ff5bf50d6490	Bacteria;Firmicutes;Clostridia;Lachnospirales;Lachnospiraceae	0.9999982010223878
36e7d485787d726a0e16bff74100463e	Bacteria;Bacteroidota;Bacteroidia;Bacteroidales;Muribaculaceae;uncultured-bacterium	0.9998668650703333
ff651bd7b0bf6148e158f353fc40b47d	Bacteria;Firmicutes;Clostridia;Oscillospirales;Oscillospiraceae;uncultured;uncultured-bacterium	0.8193028821531336
eedd9c573f920e7a57a90fd093b06792	Bacteria;Firmicutes;Clostridia;Lachnospirales;Lachnospiraceae	0.9986326811084613
277d256c9bce51af100bb0d307bb61ce	Bacteria;Firmicutes;Clostridia;Oscillospirales;Ruminococcaceae;uncultured;uncultured-bacterium	0.986909046399353
1f200ef50380f90d7630860660aa1a2f	Bacteria;Firmicutes;Bacilli;Erysipelotrichales;Erysipelotrichaceae;uncultured-bacterium	0.9999997534793883
f0c856c7ce7e161957340230a8143794	Bacteria;Firmicutes;Clostridia;Lachnospirales;Lachnospiraceae;Lachnospiraceae-NK4A136-group;uncultured-bacterium	0.896026487925132
2eb2b317e3106a477a34836339150858	Bacteria;Firmicutes;Clostridia;Lachnospirales;Lachnospiraceae;ASF356;uncultured-bacterium	0.9726874045831213
ab562aadf89a7b6e0439c1309aac25c4	Bacteria;Firmicutes;Clostridia;Clostridia-UCG-014	0.9999999999978963
8a74be305260bb9117ce0650a6e0aa76	Bacteria;Firmicutes;Clostridia;Oscillospirales;Oscillospiraceae;uncultured;uncultured-bacterium	0.9190863211938991
2e342a1de091395c189b842dd1cd375d	Bacteria;Firmicutes;Clostridia;Lachnospirales;Lachnospiraceae;Blautia	0.9999996361081293
db36a33e0337a989108c359a90060d3d	Bacteria;Firmicutes;Clostridia;Clostridia-UCG-014;uncultured-bacterium	0.8922347219193598
eb73bc4df95abf728603bfb27b43f304	Bacteria;Firmicutes;Clostridia;Lachnospirales;Lachnospiraceae;uncultured;uncultured-bacterium	0.9867952892148153
c7e9700eba384f1ae9d29e2a4225d3f5	Bacteria;Firmicutes;Bacilli;Staphylococcales;Staphylococcaceae;Staphylococcus;Staphylococcus-sciuri	0.9468957219719831
7a1a7d3362a2f4e3bb2b0f088b9a6b84	Bacteria;Firmicutes;Bacilli;Erysipelotrichales;Erysipelotrichaceae;[Clostridium]-innocuum-group	0.9999991811692351
6c31248aab400bbb31133caffa277913	Bacteria;Firmicutes;Clostridia;Oscillospirales;Oscillospiraceae;Colidextribacter	0.8952404445555082
eabd41028b3b1a9535b2cfe48549ae7f	Bacteria;Firmicutes;Clostridia;Lachnospirales;Lachnospiraceae;uncultured	0.7729800076249338
b450bfdcf5efe0273fce3a2fe5b627d6	Bacteria;Firmicutes;Clostridia;Lachnospirales;Lachnospiraceae;A2;uncultured-bacterium	0.9974136067618333
16c6f384c3a28228f7b68b1154c7feec	Bacteria;Firmicutes;Clostridia;Lachnospirales;Lachnospiraceae;uncultured;uncultured-bacterium	0.8244818849296862
0ffc4894e1570b7187e79b03a78ae1cd	Bacteria;Firmicutes;Clostridia;Lachnospirales;Lachnospiraceae;uncultured;uncultured-bacterium	0.984587499665809
c47ca4206c6699847d91da4581f8ff28	Bacteria;Firmicutes;Clostridia;Lachnospirales;Lachnospiraceae;ASF356;uncultured-Clostridiales-bacterium	0.7496767195690042
09542fd142f53cfe0db525594e0b6fb0	Bacteria;Firmicutes;Clostridia;Lachnospirales;Lachnospiraceae	0.9999775966541208
5c33db7c460ec1200192e97fda0dbb2e	Bacteria;Firmicutes;Clostridia;Oscillospirales;Oscillospiraceae;NK4A214-group;unidentified	0.9995047265549162
837593e55fc22fb94f12b023acac00fd	Bacteria;Firmicutes;Clostridia;Lachnospirales;Lachnospiraceae;uncultured;uncultured-bacterium	0.9751053566348495
19c5d5e425f8b068ef0eefb72fb4ca17	Bacteria;Firmicutes;Clostridia;Lachnospirales;Lachnospiraceae	0.9999998210439034
6d26cf14a267d2be14f2c5c6524e3f84	Bacteria;Firmicutes;Clostridia;Oscillospirales;Oscillospiraceae;Colidextribacter;uncultured-bacterium	0.7467210537240937
b824647a8c8150d1ddf36ee7e4a645d4	Bacteria;Firmicutes;Clostridia;Lachnospirales;Lachnospiraceae;Lachnospiraceae-UCG-006;uncultured-bacterium	0.8167459932604669
e2f6a531bc64c892b56a06d2aed991f7	Bacteria;Proteobacteria;Gammaproteobacteria;Enterobacterales;Enterobacteriaceae;Escherichia-Shigella	0.9994219112906232
e806f856af4a419660a78a95c35b3464	Bacteria;Bacteroidota;Bacteroidia;Bacteroidales;Muribaculaceae;Muribaculum	0.9999999571346897
967fb0c304783e3cb81099feb6eecb9a	Bacteria;Firmicutes;Clostridia;Lachnospirales;Lachnospiraceae;Acetatifactor;uncultured-bacterium	0.8597582759896455
27a0f2f12d1b717d1138c2f8fc968834	Bacteria;Firmicutes;Bacilli;Lactobacillales;Lactobacillaceae;Lactobacillus;Lactobacillus-murinus	0.8595294716918932
f448b68d3f43ee04b9c47209ae186801	Bacteria;Firmicutes;Clostridia;Oscillospirales;Butyricicoccaceae;UCG-009	0.9999999962232133
b20b8aa4bd244d965316a278875a1469	Bacteria;Bacteroidota;Bacteroidia;Bacteroidales;Muribaculaceae;uncultured-Bacteroidales-bacterium	0.968540881619261
dc5f9e3b409d2809f0824ef0715662e0	Bacteria;Firmicutes;Clostridia;Oscillospirales;Ruminococcaceae;Anaerotruncus;uncultured-bacterium	0.9981703456579278
2c1ca646f21790c9fd0d628144304151	Bacteria;Firmicutes;Clostridia;Lachnospirales;Lachnospiraceae;uncultured;Clostridium-sp.-Culture-41	0.9948141363794826
1bcc8306e8924428b96b4731de22e4cc	Bacteria;Firmicutes;Clostridia;Oscillospirales;Ruminococcaceae;Negativibacillus;unidentified	0.8999330224527062
55cea1dcc86e10b108b9392c1d32db87	Bacteria;Bacteroidota;Bacteroidia;Bacteroidales;Muribaculaceae;Muribaculum	0.9999999567886653
08ba5933cb112eadc3c71de7cef9d029	Bacteria;Firmicutes;Clostridia;Clostridia-UCG-014;unidentified	0.9968773110264718
46efaedf0b7cefe9460531c9c6364bd1	Bacteria;Firmicutes;Clostridia;Lachnospirales;Lachnospiraceae;Lachnospiraceae-UCG-006;uncultured-bacterium	0.9875615432523135
8729245369120c310a8389449a835239	Bacteria;Firmicutes;Clostridia;Oscillospirales;Ruminococcaceae;Incertae-Sedis;uncultured-bacterium	0.9954120497007607
0620c11756668d801514b15f84f05d11	Bacteria;Firmicutes;Clostridia;Lachnospirales;Lachnospiraceae	0.9999990166522023
cbcac742ee0fe0fc0887caec139df345	Bacteria;Firmicutes;Clostridia;Oscillospirales;Oscillospiraceae;Oscillibacter;uncultured-bacterium	0.8284135858443584
7287599b17fa38905b79331fe2810031	Bacteria;Firmicutes;Clostridia;Lachnospirales;Lachnospiraceae	0.9999992642056177
4e46e3f501b552b6d453f13032e1e291	Bacteria;Firmicutes;Clostridia;Lachnospirales;Lachnospiraceae;Lachnospiraceae-NK4A136-group;uncultured-bacterium	0.7417613697183618
1099950f329f9b0cc24b900fcc0a0d89	Bacteria;Firmicutes;Clostridia;Lachnospirales;Lachnospiraceae	0.9999995320198721
06a033fc2ac86eb80464650b7555bb10	Bacteria;Firmicutes;Clostridia;Lachnospirales;Lachnospiraceae;uncultured;uncultured-bacterium	0.9758149921448691
e64adc3e5db5e317355902efa6e1a28e	Bacteria;Firmicutes;Clostridia;Lachnospirales;Lachnospiraceae;Marvinbryantia;Clostridiales-bacterium-CIEAF-012	0.887560947443826
4242e2a71cbd7f97c51027097d0bf9ea	Bacteria;Firmicutes;Clostridia;Lachnospirales;Lachnospiraceae;uncultured;Clostridium-sp.-Clone-49	0.8629898227778184
1427410368a7fecb6d56d735437d5ba1	Bacteria;Firmicutes;Clostridia;Lachnospirales;Lachnospiraceae	0.9999997221421855
603deec24c79650da58dc9ba313d7607	Bacteria;Firmicutes;Clostridia;Lachnospirales;Lachnospiraceae;Coprococcus	0.8262308531049055
6450fc798383726b7e8a876ebc5b07cf	Bacteria;Firmicutes;Clostridia;Lachnospirales;Lachnospiraceae;uncultured;uncultured-bacterium	0.9783341931271782
817f3832c3b3749be3ca11216910086c	Bacteria;Firmicutes;Clostridia;Lachnospirales;Lachnospiraceae;Acetatifactor;uncultured-bacterium	0.8790837160938352
44bd1efc8d03b8e1153d643564b15e9c	Bacteria;Firmicutes;Clostridia;Lachnospirales;Lachnospiraceae;Lachnospiraceae-NK4A136-group	0.8817775796385419
555a644bf2e739eed0e29b1eb3421041	Bacteria;Firmicutes;Clostridia;Peptostreptococcales-Tissierellales;Anaerovoracaceae;Family-XIII-AD3011-group	0.9242321834890225
4e59c0041d4c780cbee9e361beb8fca2	Bacteria;Firmicutes;Clostridia;Lachnospirales;Lachnospiraceae;Lachnoclostridium	0.8893685517344596
453e9f2964e5a25a60f2925de1e27e84	Bacteria;Firmicutes;Clostridia;Lachnospirales;Lachnospiraceae	0.9999957767445296
5ee4c5f7c20f55112c16c3598e9a4b18	Bacteria;Firmicutes;Clostridia;Lachnospirales;Lachnospiraceae;Lachnoclostridium;Dorea-sp.-5-2	0.9521330585220747
c2b45d21319f78fd827a797bf7de5196	Bacteria;Firmicutes;Clostridia;Lachnospirales;Lachnospiraceae;Lachnospiraceae-NK4A136-group;uncultured-bacterium	0.7498781585568032
640f585b5804782026a07139fb9c989d	Bacteria;Bacteroidota;Bacteroidia;Bacteroidales;Prevotellaceae;Alloprevotella;uncultured-Bacteroidales-bacterium	0.9986540154349578
c3262a6939558979eb8f52f21d419eef	Bacteria;Firmicutes;Clostridia;Lachnospirales;Lachnospiraceae;uncultured	0.7092460214280535
9e1ac459c5d8f5495b61ae4fd3ca3f27	Bacteria;Firmicutes;Clostridia;Lachnospirales;Lachnospiraceae;Lachnoclostridium	0.9027015535208815
0a7bdc8b41c9a52ff9aea4a89a56a71c	Bacteria;Firmicutes;Bacilli;Erysipelotrichales;Erysipelatoclostridiaceae;Erysipelatoclostridium	0.999992702189422
e7aa26a79f359504c44572a115aa826b	Bacteria;Firmicutes;Clostridia;Lachnospirales;Lachnospiraceae	0.999999356865354
90217152c79eadb8b64e20b4937a1692	Bacteria;Firmicutes;Clostridia;Oscillospirales;[Eubacterium]-coprostanoligenes-group;uncultured-bacterium	0.8010735270497984
cd33d521d1dfcb297336e993ca998d2d	Bacteria;Firmicutes;Clostridia;Lachnospirales;Lachnospiraceae;Lachnoclostridium	0.9402064780586524
220f3a29b3ade3767874729b6974fbff	Bacteria;Firmicutes;Clostridia;Oscillospirales;Oscillospiraceae;Oscillibacter;uncultured-bacterium	0.877104813337461
173defa1e28e76a38cd461adddf84d56	Bacteria;Firmicutes;Clostridia;Lachnospirales;Lachnospiraceae;Blautia	0.999999854063071
9171265989ee178c441ad28afbf9dffa	Bacteria;Firmicutes;Bacilli;Erysipelotrichales;Erysipelatoclostridiaceae;uncultured-bacterium	0.9976494076254985
5882bc5415547daed8b62ffd7aba10de	Bacteria;Bacteroidota;Bacteroidia;Bacteroidales;Muribaculaceae;uncultured-bacterium	0.8210072988903573
2285f58785ae6a5924a595d2ceae9fc0	Bacteria;Firmicutes;Clostridia;Oscillospirales;Ruminococcaceae;uncultured;uncultured-bacterium	0.8252872751090815
4dce876b0a7274cb09a3b2a9ef47c4c2	Bacteria;Firmicutes;Clostridia;Lachnospirales;Lachnospiraceae;[Eubacterium]-fissicatena-group;uncultured-bacterium	0.9333753598282689
2c5cb5d13741bf41f17cd7cc6320c2a9	Bacteria;Firmicutes;Clostridia;Oscillospirales;Ruminococcaceae;uncultured	0.9971335747524808
fff54ffb13019c26b6459e592865b5e8	Bacteria;Firmicutes;Clostridia;Oscillospirales;Oscillospiraceae;Oscillibacter;uncultured-bacterium	0.9617869289906977
dda86f332dfff549f382388ec56c7521	Bacteria;Firmicutes;Clostridia;Lachnospirales;Lachnospiraceae;uncultured	0.8614940699335424
b6f2f803e002969e36557654f208c2a6	Bacteria;Firmicutes;Bacilli;Lactobacillales;Lactobacillaceae;Lactobacillus;Lactobacillus-murinus	0.886777475722438
b9d3c10675764c0357761943ee6a7b61	Bacteria;Firmicutes;Clostridia;Lachnospirales;Lachnospiraceae	0.9953539830591553
e3683128dc8b3d1e06ea4d06043963c2	Bacteria;Firmicutes;Clostridia;Lachnospirales;Lachnospiraceae	0.9999997397196833
e6d0647a222b16af885e120a1cdee720	Bacteria;Firmicutes;Clostridia;Oscillospirales;Ruminococcaceae;uncultured	0.9844506798003514
37d5e18dd0e7dabc170c9571c514f2ae	Bacteria;Firmicutes;Clostridia;Lachnospirales;Lachnospiraceae	0.999988575576129
e175ffa8dcd0c86ee36d1cf2e0bb16e0	Bacteria;Firmicutes;Clostridia;Lachnospirales;Lachnospiraceae	0.9999998196065232
6ea7ddd260cdefc7a2d0a8b4134308e9	Bacteria;Firmicutes;Clostridia;Lachnospirales;Lachnospiraceae;Lachnospiraceae-UCG-006;uncultured-bacterium	0.886963935052252
84e4b7cf49fd9b3412b8a068cc0e781a	Bacteria;Firmicutes;Clostridia;Oscillospirales;Ruminococcaceae;Incertae-Sedis;uncultured-bacterium	0.9228142533508519
5e17a5cb4962111829d5a3162b84253a	Bacteria;Firmicutes;Clostridia;Oscillospirales;Oscillospiraceae;uncultured;unidentified	0.9892955663471855
8943c13ff647c21424ba164631a1907f	Bacteria;Firmicutes;Clostridia;Lachnospirales;Lachnospiraceae;Lachnoclostridium;Dorea-sp.-5-2	0.8468640306177224
dd80586956db79d480f6a5cd69017286	Bacteria;Firmicutes;Clostridia;Oscillospirales;Oscillospiraceae;uncultured;uncultured-bacterium	0.9575043196189555
255cfbdbee6fb7bef45594e912c440e2	Bacteria;Firmicutes;Clostridia;Lachnospirales;Lachnospiraceae;uncultured;uncultured-bacterium	0.9897970186458775
af8d8c5035e2e91ae2e5f55c67224a88	Bacteria;Firmicutes;Bacilli;Staphylococcales;Staphylococcaceae;Staphylococcus;Staphylococcus-lentus	0.8818038314660884
04be702b895fe5ed0568344daf564276	Bacteria;Firmicutes;Bacilli;Staphylococcales;Staphylococcaceae;Staphylococcus	0.9998883757791865
a6ec8ace9ba7d81d66cdb368ea2981b7	Bacteria;Firmicutes;Clostridia;Oscillospirales;Oscillospiraceae	0.9999989134764331
c76f665700ef7f180098d2f07e135253	Bacteria;Firmicutes;Clostridia;Oscillospirales;Ruminococcaceae;uncultured	0.9855149121632633
e73bfed076d432c6a29d15f3f920bd70	Bacteria;Firmicutes;Clostridia;Lachnospirales;Lachnospiraceae	0.9999999401202527
fe119f8087ac2c3ec65a74b29d92c2a5	Bacteria;Firmicutes;Clostridia;Lachnospirales;Lachnospiraceae;Roseburia;uncultured-bacterium	0.9808883134070696
8a732db3fc55ff9ea2d38a2b94b169c3	Bacteria;Firmicutes;Bacilli;Lactobacillales;Enterococcaceae;Enterococcus	0.9971214067015489
74eec4665702e3b006f69f23db688161	Bacteria;Firmicutes;Clostridia;Lachnospirales;Lachnospiraceae;Lachnoclostridium;Dorea-sp.-5-2	0.8541369097170698
5d0c24e4d0be0c5dedddb525ed0ed7f9	Bacteria;Firmicutes;Bacilli;Lactobacillales;Enterococcaceae;Enterococcus	0.9978835367832576
111610648b0fcf9b5f7d6aa11f96f3ef	Bacteria;Firmicutes;Bacilli;Erysipelotrichales;Erysipelatoclostridiaceae;Erysipelatoclostridium	0.999991989662312
aaba418702484d326ba1827e0516e331	Bacteria;Firmicutes;Clostridia;Lachnospirales;Lachnospiraceae;Blautia;Lachnospiraceae-bacterium-DW59	0.9999456107798854
180b6670e22ca90101400b7b539e8d42	Bacteria;Firmicutes;Clostridia;Lachnospirales;Lachnospiraceae;Acetatifactor;uncultured-bacterium	0.8231963288985061
c6bdde6f9400a0ce66a0dfbd32812269	Bacteria;Firmicutes;Clostridia;Oscillospirales;[Eubacterium]-coprostanoligenes-group;gut-metagenome	0.8601209331542453
e3a7e679803930e26907d816d2e6b7b3	Bacteria;Firmicutes;Clostridia;Oscillospirales;Ruminococcaceae;uncultured;uncultured-bacterium	0.9930289879030184
43f9a946f7131f61842f933579052866	Bacteria;Firmicutes;Clostridia;Clostridia-UCG-014	0.9999999999981654
249c09f6a0bb59098ca850ba2cd7aec5	Bacteria;Firmicutes;Bacilli;Erysipelotrichales;Erysipelatoclostridiaceae;Erysipelatoclostridium	0.9999920547980121
9dc062f47da7721ffd870a84ba904d7e	Bacteria;Firmicutes;Clostridia;Oscillospirales;Oscillospiraceae;Oscillibacter;unidentified	0.7360824342741983
076457e2c7128179ea6755249b641f23	Bacteria;Firmicutes;Clostridia;Lachnospirales;Lachnospiraceae	0.9999960927278465
4dfe3eb93ed9776d8ea7e0681ed1f9b6	Bacteria;Firmicutes;Clostridia;Oscillospirales;Oscillospiraceae;Colidextribacter;uncultured-bacterium	0.9589827452634041
7e0317f7ea7da7ba2121b612bbee1602	Bacteria;Firmicutes;Clostridia;Oscillospirales;Oscillospiraceae;uncultured;uncultured-bacterium	0.9932271503341915
7604f4f89594f923ac1cf31a38880c5e	Bacteria;Firmicutes;Clostridia;Oscillospirales;Oscillospiraceae	0.9999543965290739
d4390459bba251e4981e32bd96def7dd	Bacteria;Firmicutes;Clostridia;Clostridia-UCG-014	0.9999999999999224
9faa50fab38ce00469bb9a192d40e8c1	Bacteria;Firmicutes;Clostridia;Clostridia-UCG-014;unidentified	0.9352918273001355
3e30d599c689f3356023ab445fe36eb0	Bacteria;Firmicutes;Clostridia;Lachnospirales;Lachnospiraceae	0.9999995430305666
4e2572e361521279617036ec8c5681a0	Bacteria;Firmicutes;Clostridia;Lachnospirales;Lachnospiraceae;Lachnospiraceae-NK4A136-group	0.9010809257673272
7f6014bee7c27dce9aa46dbe30ee4351	Bacteria;Firmicutes;Clostridia;Lachnospirales;Lachnospiraceae;uncultured;uncultured-bacterium	0.7177567635210187
81b3925347c6126f2dfaa1c52749e211	Bacteria;Firmicutes;Clostridia;Clostridiales;Clostridiaceae;Clostridium-sensu-stricto-1	0.9999808168520169
f36e7f0e3ac08dca2c9762a699d5722d	Bacteria;Bacteroidota;Bacteroidia;Bacteroidales;Rikenellaceae;Alistipes;uncultured-bacterium	0.9333279828852711
f662407a7be3420302f6ce174d9a28f8	Bacteria;Firmicutes;Clostridia;Oscillospirales;Ruminococcaceae;uncultured;uncultured-bacterium	0.956024460139932
a61f45cdf31d948cfec00ccb21bb98f1	Bacteria;Firmicutes;Clostridia;Lachnospirales;Lachnospiraceae;GCA-900066575;uncultured-bacterium	0.9911199345952443
cffd8f7b44bd7d963294d60cc67092dd	Bacteria;Firmicutes;Clostridia;Lachnospirales;Lachnospiraceae	0.9999992201397733
6cb3f6fd935a831537c9052b9a4284e2	Bacteria;Firmicutes;Clostridia;Oscillospirales;Oscillospiraceae;uncultured;uncultured-bacterium	0.9354231017200433
1b1d57c0d716deaa08eef3866522081e	Bacteria;Bacteroidota;Bacteroidia;Bacteroidales;Muribaculaceae;uncultured-bacterium	0.8168277391686093
aabf4d5506e028024524a4471889581b	Bacteria;Firmicutes;Clostridia;Oscillospirales;Ruminococcaceae;Harryflintia;uncultured-bacterium	0.9999806032965873
96fdaebf7f5bd8a00835af8ffe53e6f7	Bacteria;Firmicutes;Clostridia;Lachnospirales;Lachnospiraceae	0.999998982405074
ce2c967a3c7bf7381e7ae5d2835091a4	Bacteria;Firmicutes;Clostridia;Lachnospirales;Lachnospiraceae	0.9999976270548149
1befc77b7e0b0f10dcc5881704e9db92	Bacteria;Firmicutes;Clostridia;Lachnospirales;Lachnospiraceae	0.9999991458633557
1b1866acfc4e964443f0a1ab12a7216d	Bacteria;Firmicutes;Clostridia;Peptococcales;Peptococcaceae;uncultured;uncultured-bacterium	0.9997000950257673
9328bfefc0e53143122f2fded954dd6e	Bacteria;Firmicutes;Clostridia;Lachnospirales;Lachnospiraceae;Roseburia;uncultured-bacterium	0.7534896007516799
a7d465de9f6b376708118f0e45f6cf9a	Bacteria;Bacteroidota;Bacteroidia;Bacteroidales;Rikenellaceae;Alistipes;uncultured-bacterium	0.940533529973915
1fcccc4d3f17d507aaf154e0de09cc12	Bacteria;Firmicutes;Clostridia;Lachnospirales;Lachnospiraceae	0.9999997205216631
73e23214d02e1714d612b3f8694c7989	Bacteria;Firmicutes;Clostridia;Lachnospirales;Lachnospiraceae	0.9999997313693451
8d6356e52e009d321ddd70c67992e797	Bacteria;Firmicutes;Clostridia;Lachnospirales;Lachnospiraceae;Lachnospiraceae-NK4A136-group;uncultured-bacterium	0.7609061878227167
708c8b7c24f82624bc915cc4ceb3ce5a	Bacteria;Firmicutes;Clostridia;Clostridia-vadinBB60-group;unidentified	0.9707281928477398
143d26e50f457d01671a14213d117218	Bacteria;Firmicutes;Clostridia;Oscillospirales;Ruminococcaceae	0.9930031632457212
25f70f12e551826633afa8769428f90a	Bacteria;Firmicutes;Clostridia;Oscillospirales;Oscillospiraceae;uncultured;uncultured-Oscillospira-sp.	0.9145579499207129
41215f1d3328181a1f1cdd7105ce1d8d	Bacteria;Firmicutes;Bacilli;Lactobacillales;Lactobacillaceae;Lactobacillus;Lactobacillus-murinus	0.8750833339658971
299a089ba894b124a4387477daa7a402	Bacteria;Actinobacteriota;Actinobacteria;Bifidobacteriales;Bifidobacteriaceae;Bifidobacterium	0.9968743928877871
194a531aed402ff129134f5d37315dbe	Bacteria;Firmicutes;Clostridia;Lachnospirales;Lachnospiraceae;Lachnoclostridium;Dorea-sp.-5-2	0.9667610959593185
17ab34201671f799caffcc3d27b70a2c	Bacteria;Firmicutes;Clostridia;Lachnospirales;Lachnospiraceae;uncultured	0.9254647604138992
d9ceac54d7d24041bd037c82f481fdee	Bacteria;Firmicutes;Clostridia;Lachnospirales;Lachnospiraceae	0.9999973723681168
8846d1f8f8bc958d92a9317baf9868d6	Bacteria;Firmicutes;Clostridia;Oscillospirales;Oscillospiraceae;uncultured;uncultured-bacterium	0.9080131431201954
6b4f8b78e13cca053df4ff9246ba2aef	Bacteria;Firmicutes;Clostridia;Peptococcales;Peptococcaceae;uncultured;uncultured-bacterium	0.7360559442216971
5869a42e31899d7780629f0716109cf5	Bacteria;Firmicutes;Clostridia;Lachnospirales;Lachnospiraceae;uncultured;uncultured-bacterium	0.8950035989752789
95375288676a4d7bfc69ece91e974557	Bacteria;Firmicutes;Clostridia;Lachnospirales;Lachnospiraceae;uncultured;uncultured-bacterium	0.9679532788425783
278588c2befb760a0613136a80d56dd5	Bacteria;Bacteroidota;Bacteroidia;Bacteroidales;Muribaculaceae;uncultured-Bacteroidales-bacterium	0.9901088477533254
3c048371bca9b0893d0d1886f539c54e	Bacteria;Cyanobacteria;Cyanobacteriia;Chloroplast;Pyropia-yezoensis	0.9044426471112487
10cffeae66880b9c81b6248f39f17562	Bacteria;Firmicutes;Clostridia;Oscillospirales;Oscillospiraceae;Colidextribacter	0.8936233423379403
75a0595186a4a56f0868a78f2b0edb47	Bacteria;Firmicutes;Clostridia;Lachnospirales;Lachnospiraceae	0.9999731836196328
cf8655b2a9c13e84e1d4d188c87c7d99	Bacteria;Firmicutes;Clostridia;Lachnospirales;Lachnospiraceae;uncultured;uncultured-bacterium	0.9598758368885727
111b59d725e6ed05c1bc83038df76b68	Bacteria;Firmicutes;Clostridia;Oscillospirales;Oscillospiraceae;uncultured;uncultured-bacterium	0.9801909804418041
e3a1ce78be71c193d48a59ac3788a6fc	Bacteria;Firmicutes;Clostridia;Lachnospirales;Lachnospiraceae;Lachnospiraceae-NK4A136-group;uncultured-bacterium	0.7508455810101168
4c4e6aa2ab536a946a81ab4f555ad30c	Bacteria;Firmicutes;Bacilli;Erysipelotrichales;Erysipelatoclostridiaceae;Erysipelatoclostridium	0.9999936132024331
a3810c50a46a69ad1f21be77816dd562	Bacteria;Firmicutes;Clostridia;Oscillospirales;Oscillospiraceae	0.9999852615355808
2e5041fb5b048ca1e91c3f194228941d	Bacteria;Firmicutes;Clostridia;Lachnospirales;Lachnospiraceae;Blautia;Lachnospiraceae-bacterium-28-4	0.7283110033437334
4d89eaa3215f7e8149aa0d5d31b5ac4a	Bacteria;Firmicutes;Clostridia;Oscillospirales;Ruminococcaceae;Anaerotruncus;uncultured-bacterium	0.7906708675450926
38827ec80f3c966417dde65c19501518	Bacteria;Firmicutes;Bacilli;Erysipelotrichales;Erysipelatoclostridiaceae;Erysipelatoclostridium	0.999993215404801
c02a90567acb2e0020de85102868e4fe	Bacteria;Firmicutes;Clostridia;Oscillospirales;Oscillospiraceae	0.9999894287105323
814af6290491bea8e9f9086d237bd949	Bacteria;Bacteroidota;Bacteroidia;Bacteroidales;Prevotellaceae;Alloprevotella;uncultured-Bacteroidales-bacterium	0.999065984742954
8134212d5a4832f307a78304968769cb	Bacteria;Firmicutes;Bacilli;Staphylococcales;Staphylococcaceae;Staphylococcus	0.9999918921249183
a9a0015052b629976dfce94f3aa37c1c	Bacteria;Firmicutes;Clostridia;Peptostreptococcales-Tissierellales;Anaerovoracaceae;[Eubacterium]-brachy-group;uncultured-bacterium	0.9997679124377428
f3daa13a9e62121109712299e953a698	Bacteria;Firmicutes;Clostridia;Oscillospirales;Oscillospiraceae	0.999941077515299
2de72c79ae456981ae913b829ca36ff5	Bacteria;Firmicutes;Clostridia;Lachnospirales;Lachnospiraceae	0.9999787146295172
96d70e4f330d3d434bec306734e59060	Bacteria;Firmicutes;Bacilli;Erysipelotrichales;Erysipelatoclostridiaceae;Erysipelatoclostridium	0.9999926985738531
df73df9965c77bc1a9f86c30dedfaf2b	Bacteria;Firmicutes;Bacilli;Staphylococcales;Staphylococcaceae;Staphylococcus	0.9998386579572417
24d821dddfbe031b81a44817e6d6a4c1	Bacteria;Proteobacteria;Gammaproteobacteria;Enterobacterales;Enterobacteriaceae;Enterobacter	0.7468545560673515
5dbfdeeb8f5dcb5f436b677ec58cf6c1	Bacteria;Firmicutes;Clostridia;Oscillospirales;Oscillospiraceae;Colidextribacter;uncultured-bacterium	0.7181599679611492
d0593de616930935f60cd2556e37d1f4	Bacteria;Firmicutes;Clostridia;Lachnospirales;Lachnospiraceae	0.9999991936471953
62f999464ca043ff8397200205b075e7	Bacteria;Cyanobacteria;Cyanobacteriia;Chloroplast;Pyropia-yezoensis	0.8816903517478714
070f7be2aa74130c513a25401eecc660	Bacteria;Firmicutes;Clostridia;Lachnospirales;Lachnospiraceae;Lachnospiraceae-NK4A136-group;uncultured-bacterium	0.970909690375616
00d9e75ead821633274b5460a4487f74	Bacteria;Bacteroidota;Bacteroidia;Bacteroidales;Prevotellaceae;Prevotellaceae-UCG-001	0.999988707836659
86a18b978389b593a2d5f4ab2aa48cb7	Bacteria;Firmicutes;Bacilli;Erysipelotrichales;Erysipelatoclostridiaceae;Erysipelatoclostridium	0.9999928572465989
02f64e3f1a249bc1c61c91515e5b008a	Bacteria;Firmicutes;Clostridia;Lachnospirales;Lachnospiraceae	0.9999977949893367
ff4764132b8938ee8ba5cf5cd156be12	Bacteria;Firmicutes;Clostridia;Lachnospirales;Lachnospiraceae	0.9999975322348778
222f5b78cd505a2b2b6404c356f2868a	Bacteria	0.9455533941097588
9ca2e9de92f146a5ddc6c9ebcd577864	Bacteria;Firmicutes;Clostridia;Lachnospirales;Lachnospiraceae;Blautia	0.9999999275647848
db493dd476ba0abce779d2699dd64843	Bacteria;Firmicutes;Clostridia;Lachnospirales;Lachnospiraceae	0.9999979094407075
428f49bbc2a179403f165f01c8f6e824	Bacteria;Firmicutes;Clostridia;Lachnospirales;Lachnospiraceae;uncultured	0.9489545859590363
b002b86b602218598bed6c210194592d	Bacteria;Firmicutes;Clostridia;Lachnospirales;Lachnospiraceae;Lachnospiraceae-NK4A136-group;uncultured-bacterium	0.9061058592856185
f615ac13e0ad288606206ef6e51ff00f	Bacteria;Firmicutes;Clostridia;Lachnospirales;Lachnospiraceae;Roseburia;uncultured-bacterium	0.9813066505330423
4ceeea8f0fa7dd213d7f76f01f0a4274	Bacteria;Firmicutes;Bacilli;Erysipelotrichales;Erysipelatoclostridiaceae;Erysipelatoclostridium	0.9999948606617649
6918945b25870a167018a5130dec95ae	Bacteria;Firmicutes;Clostridia;Lachnospirales;Lachnospiraceae;A2;unidentified	0.9882277867832677
cb81465ef5a1ee68dd388a00dd213f1e	Bacteria;Firmicutes;Bacilli;Lactobacillales;Enterococcaceae;Enterococcus	0.9992556468483751
91ce22eb2becf2193e311dcd9aa99694	Bacteria;Firmicutes;Bacilli;Erysipelotrichales;Erysipelatoclostridiaceae;Erysipelatoclostridium	0.99999443425746
a9762dd880ff65c2e3fa3860774a9998	Bacteria;Firmicutes;Clostridia;Lachnospirales;Lachnospiraceae;Lachnospiraceae-NK4A136-group;uncultured-bacterium	0.7294192113183909
d6c964d7a1d76f1547e809eb9b3b8dd6	Bacteria;Proteobacteria;Gammaproteobacteria;Enterobacterales;Enterobacteriaceae;Citrobacter	0.9823599642493491
e19917ed9a5d4f98e94edab3aa7fdb77	Bacteria;Firmicutes;Clostridia;Lachnospirales;Lachnospiraceae;Lachnoclostridium;uncultured-bacterium	0.768761384703505
3abb1d1066f08e881e78af7590bcc9a9	Bacteria;Firmicutes;Clostridia;Lachnospirales;Lachnospiraceae	0.9999999546153359
1c76c6e397b4caa2bc74ece7a08328d7	Bacteria;Bacteroidota;Bacteroidia;Flavobacteriales;Flavobacteriaceae	0.9999999999999455
8ae299fe8aa39820660e7e6746ff1aae	Bacteria;Firmicutes;Clostridia;Lachnospirales;Lachnospiraceae;uncultured;uncultured-bacterium	0.8912749822196167
ab710f55903115ee90699942c8c803b2	Bacteria;Firmicutes;Clostridia;Lachnospirales;Lachnospiraceae;Lachnospiraceae-NK4A136-group;uncultured-bacterium	0.9723835278580558
8a8fac19118fc70ca45331f860c80d66	Bacteria;Firmicutes;Clostridia;Clostridia-vadinBB60-group;unidentified	0.8457511833462565
3db8198d0c7efe7ebe5488244641347d	Bacteria;Firmicutes;Clostridia;Lachnospirales;Lachnospiraceae;uncultured;uncultured-bacterium	0.8266513713411159
9653be3b4f43724de8c82d340c575b59	Bacteria;Firmicutes;Bacilli;Erysipelotrichales;Erysipelatoclostridiaceae;Erysipelatoclostridium	0.9999932036096062
36b8830862fc7e8707396ed55e73ee2d	Bacteria;Firmicutes;Bacilli;Erysipelotrichales;Erysipelatoclostridiaceae;Erysipelatoclostridium	0.9999913922806157
3c118102f97c7b184f46f5a5328dafb1	Bacteria;Firmicutes;Clostridia;Lachnospirales;Lachnospiraceae;Lachnospiraceae-NK4A136-group;Clostridiales-bacterium-CIEAF-020	0.9969393379282323
79f52f8cfcae157e261a64006460e9c4	Bacteria;Firmicutes;Bacilli;Erysipelotrichales;Erysipelatoclostridiaceae;Erysipelatoclostridium;uncultured-bacterium	0.762010680096244
37924cc2c80e47b8357d7b1cea63ed73	Bacteria;Firmicutes;Bacilli;Erysipelotrichales;Erysipelatoclostridiaceae;Erysipelatoclostridium	0.9999928939932481
e5d79936803e0745c2fd0b64cdf35ace	Bacteria;Actinobacteriota;Actinobacteria;Bifidobacteriales;Bifidobacteriaceae;Bifidobacterium	0.9963744641841757
08fad524a18cd362bf18461f939fad6b	Bacteria;Firmicutes;Clostridia;Peptostreptococcales-Tissierellales;Anaerovoracaceae;Family-XIII-UCG-001;uncultured-bacterium	0.999999294146527
cdd8664f0206828af44be72838790fb2	Bacteria;Firmicutes;Bacilli;Erysipelotrichales;Erysipelatoclostridiaceae;Erysipelatoclostridium	0.9999942202667953
4fcde7eaed89113953512e2357528331	Bacteria;Firmicutes;Bacilli;Erysipelotrichales;Erysipelatoclostridiaceae;Erysipelatoclostridium	0.9999955322173626
9b21420837bfad0d11eda8267ac54c06	Unassigned	0.7538304944362536
2b963d5a8d532f60a998ed2ed902ba53	Bacteria;Firmicutes;Bacilli;Staphylococcales;Staphylococcaceae;Staphylococcus	0.9998346597893567
4600fae99161c8ce00eeef65ec244bf8	Bacteria;Firmicutes;Bacilli;Erysipelotrichales;Erysipelotrichaceae;Turicibacter;uncultured-bacterium	0.7633697039221401
5381367489fc74ea0cb28c9c1d648d33	Bacteria;Firmicutes;Clostridia;Clostridia-UCG-014	0.9999999999985149
7158b6c65de03e3117f89765ba344229	Bacteria;Firmicutes;Bacilli;Erysipelotrichales;Erysipelatoclostridiaceae;Erysipelatoclostridium	0.9999937842245067
91d4387a66ec6e126d1a48235af05148	Bacteria;Firmicutes;Clostridia;Oscillospirales;Oscillospiraceae;uncultured	0.7849305318614908
b753a92dba594d55ff9de2857abf216e	Bacteria;Firmicutes;Clostridia;Lachnospirales;Lachnospiraceae	0.9999991853340338
ef6a86a265ed57d29870726bd4931db9	Bacteria;Firmicutes;Clostridia;Oscillospirales;Oscillospiraceae;Colidextribacter	0.926607674031159
d2f752b9b0997108e8c2577dbdcdf00d	Bacteria;Firmicutes;Clostridia;Lachnospirales;Lachnospiraceae;GCA-900066575;uncultured-bacterium	0.9964285437000432
1daad57429b57fda23bab83a3942694b	Bacteria;Firmicutes;Bacilli;Erysipelotrichales;Erysipelatoclostridiaceae;Erysipelatoclostridium	0.9999820146651123
a1514b6cfaf888dae93c293383c66034	Bacteria;Firmicutes;Clostridia;Lachnospirales;Lachnospiraceae;Blautia;Lachnospiraceae-bacterium-DW59	0.7282072856718269
544a6dc6cc7d4dfea1ec0dec83c715bc	Bacteria;Firmicutes;Clostridia;Lachnospirales;Lachnospiraceae;Lachnospiraceae-FCS020-group;uncultured-bacterium	0.9313405851897217
6586c36b4b523219ba2a44c3a3ae58d0	Bacteria;Firmicutes;Bacilli;Erysipelotrichales;Erysipelatoclostridiaceae;Erysipelatoclostridium	0.9999928747884281
fe033ae5b9559770d1b4b40cfc3f41c0	Bacteria;Firmicutes;Clostridia;Lachnospirales;Lachnospiraceae;[Eubacterium]-xylanophilum-group;uncultured-bacterium	0.9995993841907728
83f0da2169c2feb4732a1c1a5110d558	Bacteria;Firmicutes;Clostridia;Lachnospirales;Lachnospiraceae;Tuzzerella;uncultured-bacterium	0.9064982621529467
cbec465001b0cdf3ced9aa0f480bbab1	Bacteria;Firmicutes;Clostridia;Oscillospirales;Oscillospiraceae	0.9999997689992038
f418caf35426b297002913edb1819978	Bacteria;Firmicutes;Bacilli;Erysipelotrichales;Erysipelatoclostridiaceae;Erysipelatoclostridium	0.9999948633493889
475b206b5a66ff74a0bf4ac3a0e6bc0b	Bacteria;Firmicutes;Bacilli;RF39	0.9999999999991732
dfda7ea7bf9ab6b24f9e7ff96e683738	Bacteria;Bacteroidota;Bacteroidia;Bacteroidales;Bacteroidaceae;Bacteroides	0.9982068663052854
fb6e8c5a5b5e9b874ff68daca58f277e	Bacteria;Bacteroidota;Bacteroidia;Bacteroidales;Muribaculaceae;uncultured-Bacteroidales-bacterium	0.9969520992401
c8cc0a4af9f1ee1b6d4851fb73ed6912	Bacteria;Firmicutes;Clostridia;Oscillospirales;Oscillospiraceae;uncultured;uncultured-bacterium	0.9442394294637656
5fdcac50d6c5323041ea5801fe6794de	Bacteria;Firmicutes;Bacilli;Erysipelotrichales;Erysipelatoclostridiaceae;Erysipelatoclostridium	0.999995033734321
95040d4a754b7c891bd9d6fcc352ea17	Bacteria;Firmicutes;Clostridia;Lachnospirales;Lachnospiraceae;Lachnoclostridium;Dorea-sp.-5-2	0.7622579517251179
d444299a7ea24085bdd02250623fa3de	Bacteria;Firmicutes;Clostridia;Clostridia-vadinBB60-group;uncultured-bacterium	0.9927790131440379
14ce771f505a5137db58f9adc1a3b100	Bacteria;Firmicutes;Clostridia;Lachnospirales;Lachnospiraceae;uncultured;uncultured-bacterium	0.9768045901423155
7804431c33ac8fd3febbf44709d4d836	Bacteria;Firmicutes;Clostridia;Lachnospirales;Lachnospiraceae	0.9999999285699155
a121f54067a00df9d8d58071568e638a	Bacteria;Actinobacteriota;Actinobacteria;Bifidobacteriales;Bifidobacteriaceae;Bifidobacterium	0.9972328219908048
a660dce41c3dd1c0ea1fc453a7ba833e	Bacteria;Bacteroidota;Bacteroidia;Bacteroidales;Muribaculaceae;uncultured-Bacteroidales-bacterium	0.9975210543314659
a5f4fc9f8344c6b18947961099b25682	Bacteria;Firmicutes;Clostridia;Lachnospirales;Lachnospiraceae;Lachnospiraceae-NK4A136-group	0.8048436741996705
1f80f7f0af7f1293cc25a1ea07e5586f	Bacteria;Firmicutes;Clostridia;Oscillospirales;Ruminococcaceae;uncultured;uncultured-organism	0.8229101224672668
a25b2fa711f85393f0c57fd2abaee76b	Bacteria;Firmicutes;Bacilli;Erysipelotrichales;Erysipelatoclostridiaceae;Erysipelatoclostridium	0.9999802277989719
6ded34f7b682053ff5b9b7e4ef929a22	Bacteria;Firmicutes;Clostridia;Lachnospirales;Lachnospiraceae	0.9999998955572599
70ccc59fbd24a172b0325dcba82a04cc	Bacteria;Actinobacteriota;Actinobacteria;Bifidobacteriales;Bifidobacteriaceae;Bifidobacterium	0.9973240983113105
29a86794546f9c3df0faf65a6a9b4448	Bacteria;Bacteroidota;Bacteroidia;Bacteroidales;Muribaculaceae;uncultured-bacterium	0.9999146898859399
6853fbca95f545b26507b06719194eb8	Bacteria;Firmicutes;Bacilli;Staphylococcales;Staphylococcaceae;Staphylococcus	0.9999959212309598
c3cf2f31f3d33be60e6f8ced755f789b	Bacteria;Firmicutes;Bacilli;Erysipelotrichales;Erysipelatoclostridiaceae;Erysipelatoclostridium	0.9999802692558539
3a2ce5d7b9c193c35749bf58017bb8b4	Bacteria;Firmicutes;Bacilli;Erysipelotrichales;Erysipelatoclostridiaceae;Erysipelatoclostridium	0.9999820128767318
a7fed7aa41739719bff34351cfd4d731	Bacteria;Firmicutes;Clostridia;Oscillospirales;Oscillospiraceae;Colidextribacter;uncultured-Clostridiales-bacterium	0.8222554872870114
dcb27dc8e6eeec42e07a5bb33552e651	Bacteria;Firmicutes;Bacilli;Lactobacillales;Streptococcaceae;Streptococcus;Streptococcus-danieliae	0.9039898793550751
c3651834b62b4d6a5a3f3b03dc18c053	Bacteria;Firmicutes;Clostridia;Lachnospirales;Lachnospiraceae;Lachnoclostridium;Dorea-sp.-5-2	0.9639066561243822
d36177ac19ef44256164cfad86c3cddf	Bacteria;Actinobacteriota;Actinobacteria;Bifidobacteriales;Bifidobacteriaceae;Bifidobacterium	0.9967890957958686
a9873a56f2181d127a0b65b9397db752	Bacteria;Firmicutes;Clostridia;Lachnospirales;Lachnospiraceae;GCA-900066575;uncultured-bacterium	0.9835998475922534
9962928478d13de71e326762fe8671c9	Bacteria;Bacteroidota;Bacteroidia;Bacteroidales;Muribaculaceae;uncultured-Bacteroidales-bacterium	0.9287092540025734
54154c269addeb3e438f697680706858	Bacteria;Firmicutes;Clostridia;Oscillospirales;Oscillospiraceae;uncultured;uncultured-bacterium	0.9794559828591867
5f51f0dd684f2cd3b020f1d02f33ac94	Bacteria;Firmicutes;Clostridia;Lachnospirales;Lachnospiraceae;Lachnospiraceae-FCS020-group;uncultured-bacterium	0.8140291311269
2fd37fd3e85feed132aaec65fc7c84c5	Bacteria;Firmicutes;Bacilli;Erysipelotrichales;Erysipelatoclostridiaceae;Erysipelatoclostridium	0.9999841394594492
ed9b4b764e352bbceae25babfc6f6acb	Bacteria;Firmicutes;Clostridia;Lachnospirales;Lachnospiraceae;Lachnospiraceae-NK4A136-group	0.7536009879394824
bdffcb5ffe72a370d73229bf085fa8bc	Bacteria;Firmicutes;Bacilli;RF39	0.999999999996677
b8ab6a12fb20e3edba797d9c2ed118ed	Bacteria;Firmicutes;Clostridia;Lachnospirales;Lachnospiraceae;uncultured;uncultured-bacterium	0.9822450789252107
0d4351a6670954eee0368c61e5c668c2	Bacteria;Bacteroidota;Bacteroidia;Bacteroidales;Muribaculaceae;uncultured-Bacteroidales-bacterium	0.991429387059718
6012057b8d3652502822a568b53968ca	Bacteria;Firmicutes;Bacilli;Erysipelotrichales;Erysipelatoclostridiaceae;Erysipelatoclostridium	0.9999815384983171
95254c1ef581931b86e9623f78c10fa7	Bacteria;Firmicutes;Bacilli;Erysipelotrichales;Erysipelatoclostridiaceae;Erysipelatoclostridium	0.9999944827794149
01ac4875f46176295c1f1b988a383974	Bacteria;Actinobacteriota;Actinobacteria;Bifidobacteriales;Bifidobacteriaceae;Bifidobacterium	0.9976493741209161
74bddd9a901705b5a865ec8cb1525289	Bacteria;Firmicutes;Bacilli;Erysipelotrichales;Erysipelatoclostridiaceae;Erysipelatoclostridium	0.9999949595264501
4df9049f0cca0976b2a83149f5f95794	Bacteria;Firmicutes;Clostridia;Oscillospirales;Oscillospiraceae;Colidextribacter;uncultured-bacterium	0.8872807563459468
27d637d74c71985a92493aeff2e66894	Bacteria;Firmicutes;Bacilli;RF39;uncultured-Firmicutes-bacterium	0.8717054729198237
1296ca0610f3b9932d55a0c143aba5b0	Bacteria;Firmicutes;Clostridia;Oscillospirales;Oscillospiraceae;uncultured;unidentified	0.9684422951378114
c3039487a3cbf107d00f75e3a9db27e8	Bacteria;Firmicutes;Bacilli;Erysipelotrichales;Erysipelatoclostridiaceae;Erysipelatoclostridium	0.9999942312017182
bb5c327d866fa191448c06ad332f6b15	Bacteria;Actinobacteriota;Actinobacteria;Bifidobacteriales;Bifidobacteriaceae;Bifidobacterium	0.9999992208836659
0981a43c4a356d25445ddeb46a8db664	Bacteria;Firmicutes;Clostridia;Lachnospirales;Lachnospiraceae;A2	0.9755262618514527
bcaa799998f4e8a52e575152a1726085	Bacteria;Firmicutes;Bacilli;Lactobacillales;Lactobacillaceae;Lactobacillus	0.9999999986333815
da724fc8304d189dcc9ccdfdf653ffc0	Bacteria;Firmicutes;Bacilli;Erysipelotrichales;Erysipelotrichaceae;uncultured;uncultured-bacterium	0.8950363217881687
ae2eeeb87431ae4ef2cd38c1865cb52e	Bacteria;Proteobacteria;Gammaproteobacteria;Enterobacterales;Enterobacteriaceae;Salmonella	0.9181888939102723
e17ca17fbe8641b1f2747bf4fa6199e4	Bacteria;Firmicutes;Bacilli;Erysipelotrichales;Erysipelatoclostridiaceae;Erysipelatoclostridium	0.9999930692527844
2f87e3b7d62342c90f3913dd752d93e0	Bacteria;Firmicutes;Bacilli;Erysipelotrichales;Erysipelatoclostridiaceae;Erysipelatoclostridium	0.9999938507282199
c1ed9ef4fcc459687603cc299ad66f57	Bacteria;Firmicutes;Clostridia;Oscillospirales;Oscillospiraceae;Intestinimonas;uncultured-bacterium	0.8666450611001375
9ac3dcd27f548747b852d016d0f863d7	Bacteria;Firmicutes;Bacilli;Staphylococcales;Staphylococcaceae;Staphylococcus	0.9999409524173609
8e9e6e5f622f9a4a5196e7eea6fa6d7a	Bacteria;Firmicutes;Clostridia;Clostridia-UCG-014;unidentified	0.9963339070064837
0ed8784ff9c39f912ef35b0ab7ed87f1	Bacteria;Actinobacteriota;Actinobacteria;Bifidobacteriales;Bifidobacteriaceae;Bifidobacterium	0.9979975302098407
a96e46df228d9210213b3ca2d08478b7	Bacteria;Firmicutes;Bacilli;Erysipelotrichales;Erysipelatoclostridiaceae;Erysipelatoclostridium	0.999983376511417
660869e6f0feae0009d957ff8b576fdd	Bacteria;Firmicutes;Bacilli;Erysipelotrichales;Erysipelatoclostridiaceae;Erysipelatoclostridium	0.9999879479158478
ce31d454e60b0469be14664abf990cec	Bacteria;Firmicutes;Bacilli;Erysipelotrichales;Erysipelatoclostridiaceae;Erysipelatoclostridium	0.9999892423745526
280cee65d2c6f4f04cb4c12450e0ce84	Bacteria;Firmicutes;Bacilli;RF39;uncultured-bacterium	0.9442064640222306
c1a65fc755168a0f2916a2433fa069b2	Bacteria;Firmicutes;Clostridia;Lachnospirales;Lachnospiraceae;A2;uncultured-bacterium	0.8578696163817017
8e31b4d5fdf8ab73768558cecd3ecd0a	Bacteria;Firmicutes;Bacilli;Erysipelotrichales;Erysipelatoclostridiaceae;Erysipelatoclostridium	0.9999939378783472
67c75afd11841c92fae0292d9c1d7b6e	Bacteria;Firmicutes;Bacilli;Erysipelotrichales;Erysipelatoclostridiaceae;Erysipelatoclostridium	0.9999947657517178
42d3d95160da1ae1339346a20e317d87	Bacteria;Firmicutes;Clostridia;Lachnospirales;Lachnospiraceae;GCA-900066575;uncultured-bacterium	0.902232886421513
b15d7a4b2fbf7682696a9ba03f953641	Bacteria;Firmicutes;Clostridia;Oscillospirales;Ruminococcaceae;Incertae-Sedis;uncultured-bacterium	0.9628560386508549
3bb75fd5257949f992dbd04056998854	Bacteria;Firmicutes;Clostridia;Lachnospirales;Lachnospiraceae;Blautia;Lachnospiraceae-bacterium-DW59	0.9876390043334534
2e14c4c223a5bcb4aa13e30d6410c371	Bacteria;Firmicutes;Clostridia;Lachnospirales;Lachnospiraceae;Lachnospiraceae-NK4A136-group;uncultured-bacterium	0.7657621646930427
96f1df5356b17e2d4b6eefc878357fcb	Bacteria;Firmicutes;Clostridia;Clostridiales;Clostridiaceae;Candidatus-Arthromitus	0.999999999999993
5e7419436a5c9423fd546bfe33b22c83	Bacteria;Firmicutes;Clostridia;Oscillospirales;Ruminococcaceae	0.9958651259817402
6e533edf07b2283669d05fc12096a533	Bacteria;Firmicutes;Bacilli;Erysipelotrichales;Erysipelatoclostridiaceae;Erysipelatoclostridium	0.9999941424856282
dde26eca59097098b0fe38cda5db176f	Bacteria;Firmicutes;Bacilli;Erysipelotrichales;Erysipelatoclostridiaceae;Erysipelatoclostridium	0.9999940171537585
5adb7d9c74ceb119b81d7e45901061fe	Bacteria;Firmicutes;Clostridia;Christensenellales;Christensenellaceae	0.7205914709301383
a3ac2b75dcb92b9f02797d2649bba11c	Bacteria;Firmicutes;Bacilli;Erysipelotrichales;Erysipelatoclostridiaceae;Erysipelatoclostridium	0.9999937783593138
a43a8144df2d119d9b92913496ead6b8	Bacteria;Firmicutes;Clostridia;Oscillospirales;Oscillospiraceae;Oscillibacter;unidentified	0.8212729628572423
04659e64ca23a7f6249a03127183e2dd	Bacteria;Firmicutes;Clostridia;Clostridia-UCG-014;unidentified	0.9929406503540295
b1e81ddde7882c1defd9e49eb176bd53	Bacteria;Firmicutes;Clostridia;Lachnospirales;Lachnospiraceae;uncultured	0.8394452938494308
327c66c50de441f5d6a1ae609fd2cece	Bacteria;Bacteroidota;Bacteroidia;Bacteroidales;Muribaculaceae;uncultured-Bacteroidales-bacterium	0.9967778529851755
b545ee10c0b08e0178961a0484d5f4bc	Bacteria;Firmicutes;Bacilli;Erysipelotrichales;Erysipelatoclostridiaceae;Erysipelatoclostridium	0.9999952721589002
e5520e69c39c46e11d9abb444c6f11a7	Bacteria;Firmicutes;Clostridia;Lachnospirales;Lachnospiraceae;GCA-900066575;uncultured-bacterium	0.8033821102476243
633986f25dacddd71be7f93667c0698e	Bacteria;Firmicutes;Clostridia;Oscillospirales;Oscillospiraceae;uncultured	0.9059561620734664
bf58dd3dad58b01b8df57226ed70b7d7	Bacteria;Firmicutes;Clostridia;Lachnospirales;Lachnospiraceae;Blautia;Lachnospiraceae-bacterium-DW59	0.9936593978308295
c9d862665050f543bf49e721ec5d0d2d	Bacteria;Firmicutes;Clostridia;Clostridiales;Clostridiaceae;Clostridium-sensu-stricto-1;uncultured-bacterium	0.7180307830591626
86e2809ebe7a6125501ff57d95342a92	Bacteria;Firmicutes;Clostridia;Lachnospirales;Lachnospiraceae;Blautia	0.9999999435062643
1695fef3a3dd6a4e497f66b748587eb1	Bacteria;Firmicutes;Bacilli;Erysipelotrichales;Erysipelatoclostridiaceae;Erysipelatoclostridium	0.9999879518670908
e042c512976f47bdc415d25705853d88	Bacteria;Firmicutes;Clostridia;Lachnospirales;Lachnospiraceae;Blautia;Lachnospiraceae-bacterium-DW59	0.9950534858982354
46b664ed1f9abe2995b8529206655a8f	Bacteria;Firmicutes;Clostridia;Clostridia-vadinBB60-group;unidentified	0.799006360236913
ebe2c03737cec81d80ac9849c03c48fb	Bacteria;Firmicutes;Clostridia;Oscillospirales;Ruminococcaceae;uncultured;uncultured-bacterium	0.9961951101350462
d58dfd0adf2c81106039beb13edf5fb8	Bacteria;Firmicutes;Bacilli;Erysipelotrichales;Erysipelatoclostridiaceae;Erysipelatoclostridium	0.9999822706464343
7ef390d041fbf2cec98be61fcb1ee285	Bacteria;Firmicutes;Clostridia;Oscillospirales;Ruminococcaceae;Incertae-Sedis;uncultured-bacterium	0.9960362376183468
6166cd8b69d6af6ba6e209d4d4f839eb	Bacteria;Firmicutes;Clostridia;Oscillospirales;Oscillospiraceae;uncultured;uncultured-bacterium	0.9848129653470024
a63763d2761f4cab5fb79b1dac0d2905	Bacteria;Firmicutes;Clostridia;Lachnospirales;Lachnospiraceae;uncultured	0.7218352783449162
28726d9b664c9822f15460286a4e68d5	Bacteria;Firmicutes;Bacilli;Staphylococcales;Staphylococcaceae;Staphylococcus	0.999943032347968
df3d6113f855e22f2a6d44e60f01baa7	Bacteria;Firmicutes;Clostridia;Peptostreptococcales-Tissierellales;Peptostreptococcaceae;Romboutsia	0.9854344894491083
c19d0563ca3ffd73eeabb27d073d7aa8	Bacteria;Firmicutes;Bacilli;Erysipelotrichales;Erysipelatoclostridiaceae;Erysipelatoclostridium	0.9999830046529882
36a16783e2a4c7332ee759b4b43e94a3	Bacteria;Firmicutes;Clostridia;Lachnospirales;Lachnospiraceae;A2	0.96028001482203
7232dc2fe96c67666cce9a26f64e6c95	Bacteria;Bacteroidota;Bacteroidia;Flavobacteriales;Flavobacteriaceae;Aquimarina;Aquimarina-muelleri	0.8970865523072272
888d90168e577f4d452c768943100da0	Bacteria;Firmicutes;Clostridia;Lachnospirales;Lachnospiraceae;Lachnoclostridium	0.8935101810762134
047cf87adde8b354aa4bb2dd96abf9d3	Bacteria;Firmicutes;Bacilli;Staphylococcales;Staphylococcaceae;Staphylococcus	0.9999681593691558
d6e50e4bca8b7aa29b7a1ce3770acd9f	Bacteria;Firmicutes;Bacilli;Erysipelotrichales;Erysipelatoclostridiaceae;Erysipelatoclostridium	0.9999833657690189
5197dc3942b08a07dc83eb4e20f3342c	Bacteria;Firmicutes;Bacilli;Erysipelotrichales;Erysipelatoclostridiaceae;Erysipelatoclostridium	0.9999892259731622
7340c31777eafa2ae78b77966d446530	Bacteria;Firmicutes;Bacilli;Erysipelotrichales;Erysipelatoclostridiaceae;Erysipelatoclostridium	0.9999926076892283
d16a4faef202f2f76497bdd5a6f454b7	Bacteria;Firmicutes;Clostridia;Oscillospirales;uncultured	0.9466101810667228
f79f9322aaa36570cd6d4629d03a5ec9	Bacteria;Bacteroidota;Bacteroidia;Bacteroidales;Muribaculaceae;uncultured-bacterium	0.9964634186651953
6bdb0772c481e5be373dcd9b4c1c6b27	Bacteria;Cyanobacteria;Cyanobacteriia;Chloroplast	1.0000000000000087
bff34b4472a23367a3d24970883cb59d	Bacteria;Firmicutes;Clostridia;Lachnospirales;Lachnospiraceae;A2	0.9809687411467636
8db14caa1e0222ee5a45a51daae2b48d	Bacteria;Firmicutes;Bacilli;Erysipelotrichales;Erysipelatoclostridiaceae;Erysipelatoclostridium	0.9999953024502853
2edd0360befd5f4eb5d8c607370a698f	Bacteria;Firmicutes;Bacilli;Erysipelotrichales;Erysipelatoclostridiaceae;Erysipelatoclostridium	0.9999814217684027
ddb73220737733e9f1a9ef6b1f775c30	Bacteria;Firmicutes;Bacilli;Erysipelotrichales;Erysipelatoclostridiaceae;Erysipelatoclostridium	0.9999941820421361
95e237de216cad58d1f9f17b1fa83014	Bacteria;Firmicutes;Bacilli;Erysipelotrichales;Erysipelatoclostridiaceae;Erysipelatoclostridium	0.9999814220031352
666fefaeb47f3141846c043009098eb6	Bacteria;Firmicutes;Clostridia;Lachnospirales;Lachnospiraceae;Lachnospiraceae-NK4A136-group;Lachnospiraceae-bacterium-COE1	0.9999660920837532
2d16b7f72c11e9b2bb521f49193629ec	Bacteria;Firmicutes;Clostridia;Lachnospirales;Lachnospiraceae;A2	0.9999999247659503
cbb43f3de184145a1fc3fd4a40cb9b24	Bacteria;Firmicutes;Clostridia;Lachnospirales;Lachnospiraceae;Lachnospiraceae-NK4A136-group	0.9911868135505872
1743aa7c3fb368619047e93fb750c5eb	Bacteria;Firmicutes;Clostridia;Lachnospirales;Lachnospiraceae;uncultured	0.7502413311417262
9dc0471929142b36eff632700a1dba81	Bacteria;Firmicutes;Bacilli;Lactobacillales;Streptococcaceae;Lactococcus	0.9999994192024175
adb1791529c38e0dff728199e2291cea	Bacteria;Firmicutes;Clostridia;Oscillospirales;UCG-010;uncultured-organism	0.9720790830687743
4e8def07f1c40b8b3e5f7d191b564cb4	Bacteria;Firmicutes;Clostridia;Lachnospirales;Lachnospiraceae;uncultured;uncultured-bacterium	0.9789540451544027
0ff8fa3634687513324e9e0cdefe2a28	Bacteria;Firmicutes;Bacilli;Lactobacillales;Enterococcaceae;Enterococcus	0.998847336929676
514afd2e16a261149f42c1d36e7aeb19	Bacteria;Firmicutes;Bacilli;Erysipelotrichales;Erysipelatoclostridiaceae;Erysipelatoclostridium	0.999994703733178
c6c2c5608286e10800cababb2b89cd6f	Bacteria;Firmicutes;Clostridia;Lachnospirales;Lachnospiraceae;Lachnoclostridium	0.8226443547018255
87e95672b603b2aaddfbb2fa98bdfb24	Bacteria;Firmicutes;Clostridia;Lachnospirales;Lachnospiraceae;uncultured	0.9936392494384569
aa84ccd484ff68e2e38b662c25344190	Bacteria;Firmicutes;Bacilli;Erysipelotrichales;Erysipelatoclostridiaceae;Erysipelatoclostridium	0.9999938646880053
e2a89161c6ed29e9e488371cde24244c	Bacteria;Firmicutes;Bacilli;Erysipelotrichales;Erysipelatoclostridiaceae;Erysipelatoclostridium	0.9999904229812436
badddccf2ce35f000514b438b903a4c0	Bacteria;Firmicutes;Clostridia;Oscillospirales;Ruminococcaceae;Incertae-Sedis;uncultured-bacterium	0.739564576211701
2c3a220bab8e11768fabc48af7238f04	Bacteria;Bacteroidota;Bacteroidia;Bacteroidales;Muribaculaceae;uncultured-bacterium	0.9999134307852126
5738613369955d5c17d6c4f3cccccb71	Bacteria;Proteobacteria;Gammaproteobacteria;Enterobacterales;Erwiniaceae;Pantoea	0.7344501582933982
3ee142b163e550d97778427e352f41af	Bacteria;Firmicutes;Clostridia;Lachnospirales;Lachnospiraceae	0.9999992828450875
3a3f31a42f7064b26cbc2451d632553d	Bacteria;Firmicutes;Bacilli;Erysipelotrichales;Erysipelatoclostridiaceae;Erysipelatoclostridium	0.9999786944885549
528451771153f26423c1584a07dead64	Bacteria;Firmicutes;Bacilli;Erysipelotrichales;Erysipelatoclostridiaceae;Erysipelatoclostridium	0.9999832646548207
c2002ae9428bc13668a1f18fcd4c63b6	Bacteria;Firmicutes;Bacilli;Erysipelotrichales;Erysipelatoclostridiaceae;Erysipelatoclostridium	0.9999854257135268
8c7e8c032433fcde4cc37d759f4676c6	Bacteria;Firmicutes;Clostridia;Lachnospirales;Lachnospiraceae;Blautia	0.9999992549480627
fe3932c155e9d06370740434d53dd491	Bacteria;Firmicutes;Clostridia;Lachnospirales;Lachnospiraceae;uncultured	0.8657705696070218
e59ef11a00f732e4a82a6415f874d04e	Bacteria;Firmicutes;Bacilli;Erysipelotrichales;Erysipelatoclostridiaceae;Erysipelatoclostridium	0.9999933050499118
b2f247e498f7086249fdade50f72bd20	Bacteria;Firmicutes;Bacilli;Erysipelotrichales;Erysipelatoclostridiaceae;Erysipelatoclostridium	0.9999920420669175
83071712bec12efc126b23e01c981481	Bacteria;Firmicutes;Clostridia;Lachnospirales;Lachnospiraceae;uncultured;uncultured-bacterium	0.9691297421599728
6eddf24f14817b71eb131797b77da536	Bacteria;Firmicutes;Bacilli;RF39;uncultured-bacterium	0.7666703142350496
eed5f862c40c9719c00851fb8655c48a	Bacteria;Firmicutes;Clostridia;Lachnospirales;Lachnospiraceae;Lachnospiraceae-NK4A136-group	0.7091868255319929
d9c5a8f89dd884c47d92b0769667a12c	Bacteria;Firmicutes;Clostridia;Lachnospirales;Lachnospiraceae	0.9998797333252935
783d1e50542235ebffaed7e3cc5ffd6d	Bacteria;Firmicutes;Clostridia;Peptostreptococcales-Tissierellales;Anaerovoracaceae;Family-XIII-UCG-001;uncultured-bacterium	0.9999994301524768
edf9437198fc4e302ee8a0803d435b15	Bacteria;Firmicutes;Clostridia;Lachnospirales;Lachnospiraceae;A2	0.9723484880787508
04f7a83a92c9ab57b3043876e1df6ce2	Bacteria;Firmicutes;Clostridia;Oscillospirales;Oscillospiraceae;Colidextribacter	0.7565489555111918
03cb67b1fdc389cc9f6119951576bb3e	Bacteria;Firmicutes;Clostridia;Lachnospirales;Lachnospiraceae;uncultured;Clostridium-sp.-Culture-27	0.9999179419464181
7fa4fdc75085e111f8f1eb2d339b4d44	Bacteria;Actinobacteriota;Actinobacteria;Bifidobacteriales;Bifidobacteriaceae;Bifidobacterium	0.9999991104886655
ff2091b942d7f62b104442d6e1262da4	Bacteria;Firmicutes;Bacilli;Erysipelotrichales;Erysipelatoclostridiaceae;Erysipelatoclostridium	0.999979973803372
95bc767a4634968334af4b4957840c66	Bacteria;Firmicutes;Clostridia;Lachnospirales;Lachnospiraceae	0.9999681103894916
eb92eb7bb210bddd42e9f5c07aabbee6	Bacteria;Firmicutes;Clostridia;Lachnospirales;Lachnospiraceae;uncultured;uncultured-bacterium	0.9772531321259934
21494b010204fc10efe5689e8647ce35	Bacteria;Firmicutes;Clostridia;Lachnospirales;Lachnospiraceae;Blautia;Lachnospiraceae-bacterium-28-4	0.7784036876478068
c24051588809a4b462fa85aa1a5c8585	Bacteria;Firmicutes;Bacilli;RF39	0.9999999996743544
21f01df3c90aa3f4d21beacf1bdbbb66	Bacteria;Firmicutes;Clostridia;Lachnospirales;Lachnospiraceae;Acetatifactor	0.9991906780317892
292f89bc49e21b081262d9eab3e7bb7d	Bacteria;Firmicutes;Clostridia;Lachnospirales;Lachnospiraceae;A2	0.9807421114870442
ce2ecb414b76f86dea21812e070497dc	Bacteria;Firmicutes;Bacilli;Erysipelotrichales;Erysipelatoclostridiaceae;Erysipelatoclostridium	0.9999868471317442
ec0d916fcd6e22130801cd8f22d3fc19	Bacteria;Firmicutes;Clostridia;Oscillospirales;UCG-010	0.9999999794175649
0093e6247d24ff45d65284a97345ea3a	Bacteria;Firmicutes;Clostridia;Christensenellales;Christensenellaceae;uncultured;uncultured-bacterium	0.99971800066997
21bc6a4642b776f743785cf639f3824f	Bacteria;Firmicutes;Clostridia;Lachnospirales;Lachnospiraceae	0.9999993780766672
913eace59a2a8c440199c7e27867bab8	Bacteria;Bacteroidota;Bacteroidia;Bacteroidales;Muribaculaceae;uncultured-Bacteroidales-bacterium	0.9917777919052092
6bc05415b6bf51bf0e9c635b294e0d0d	Bacteria;Firmicutes;Clostridia;Clostridia-vadinBB60-group;uncultured-bacterium	0.9951857690151484
c44d025732fd34649b5b986682fa9e0d	Bacteria;Firmicutes;Clostridia;Lachnospirales;Lachnospiraceae	0.9999913570060818
7212935ca48c9041c35c230515b933e6	Bacteria;Firmicutes;Bacilli;Lactobacillales;Streptococcaceae;Lactococcus	0.9999979149455411
f80bfb12b8f2d03dc64ee1bc10acfb2c	Bacteria;Firmicutes;Bacilli;Erysipelotrichales;Erysipelatoclostridiaceae;Erysipelatoclostridium	0.9999936335362308
37615bbea175df151bc253c1e7385069	Bacteria;Firmicutes;Bacilli;Erysipelotrichales;Erysipelatoclostridiaceae;Erysipelatoclostridium	0.9999888200654418
ad7fef1eb05c4d800c4aa48761a6cfc2	Bacteria;Firmicutes;Clostridia;Lachnospirales;Lachnospiraceae	0.999998657747673
8d1fa2a8abe18f5db03d24cf3e5626f6	Bacteria;Bacteroidota;Bacteroidia;Bacteroidales;Bacteroidaceae;Bacteroides;Bacteroides-sartorii-JCM-17136-=-DSM-21941	0.7073663578153019
c85a7d7c99bcd528f97a35e2174f5681	Bacteria;Firmicutes;Bacilli;Lactobacillales;Streptococcaceae;Lactococcus	0.9999999278970737
c60e0b2abf993a51b7dc31030c32c78a	Bacteria;Firmicutes;Clostridia;Lachnospirales;Lachnospiraceae;A2	0.9658526935259846
2ddd8484d8b9d59c70c0c284709eccb9	Bacteria;Firmicutes;Clostridia;Lachnospirales;Lachnospiraceae	0.9999995588830904
cc806a59cb831e32ab8a06b53ca4b897	Bacteria;Firmicutes;Clostridia;Lachnospirales;Lachnospiraceae;uncultured;uncultured-bacterium	0.8241922695506751
407adb90e7749335d0664404a201c0e0	Bacteria;Firmicutes;Bacilli;Erysipelotrichales;Erysipelatoclostridiaceae;Erysipelatoclostridium	0.9999923758577305
a395edbcb5a5d2fdd42e3a3baffd555d	Bacteria;Firmicutes;Clostridia;Peptococcales;Peptococcaceae;uncultured;unidentified	0.9959013467304971
891a6e096d00948e952f78d23d4894b6	Bacteria;Actinobacteriota;Actinobacteria;Bifidobacteriales;Bifidobacteriaceae;Bifidobacterium	0.9999992863581683
7d0790cc69c3d375c330227f0775e468	Bacteria;Firmicutes;Clostridia;Lachnospirales;Lachnospiraceae;GCA-900066575;uncultured-bacterium	0.923024594685972
223ed48440d9880d99323c9d7429c72e	Bacteria;Firmicutes;Bacilli;Erysipelotrichales;Erysipelatoclostridiaceae;Erysipelatoclostridium	0.9999946023146896
1996e1aa486e155bae39e6865a49c191	Bacteria;Firmicutes;Clostridia;Oscillospirales;Ruminococcaceae;uncultured;uncultured-bacterium	0.9541016340988893
b30d913b1c152ab7dbf751d52c122cce	Bacteria;Firmicutes;Clostridia;Oscillospirales;Oscillospiraceae;uncultured;uncultured-Oscillospira-sp.	0.9380865430363012
52ce80bdaed6c79c49ad425979fa40da	Bacteria;Firmicutes;Clostridia;Oscillospirales;UCG-010;uncultured-organism	0.9640493547599801
3a7dd201ee5a9e3e8908723c4c70a6c7	Bacteria;Firmicutes;Clostridia;Lachnospirales;Lachnospiraceae;Lachnoclostridium;Dorea-sp.-5-2	0.9268696106759851
75dd1326b87601bd996b6372f0f2eb8a	Bacteria;Firmicutes;Bacilli;Staphylococcales;Staphylococcaceae;Staphylococcus	0.9998025743992438
5d1299e03bf830d2417397f8f5101f56	Bacteria;Actinobacteriota;Actinobacteria;Bifidobacteriales;Bifidobacteriaceae;Bifidobacterium	0.9998912331512836
f4694e3d3e45688d67e54de9cd6c38aa	Bacteria;Firmicutes;Bacilli;Erysipelotrichales;Erysipelatoclostridiaceae;Erysipelatoclostridium	0.9999947594889862
df1c930be88f1cbc722adfc52dae1f46	Bacteria;Firmicutes;Clostridia;Lachnospirales;Lachnospiraceae;Lachnospiraceae-UCG-010;uncultured-bacterium	0.8055872132463471
2255cdc968fcee501f1491898dd64514	Bacteria;Planctomycetota;Planctomycetes;Planctomycetales;Rubinisphaeraceae;Rubinisphaera;Rubinisphaera-brasiliensis	0.9999999999936051
4b99b776a525b2ce0d73259194332220	Bacteria;Bacteroidota;Bacteroidia;Flavobacteriales;Flavobacteriaceae	0.9999999980664098
06be6502a5276d1ca4d665f4d1e7e0e4	Bacteria;Bacteroidota;Bacteroidia;Flavobacteriales;Flavobacteriaceae	0.9999999999999596
9b10f4bb6f746636822552b28d3dbf39	Bacteria;Firmicutes;Clostridia;Clostridia-UCG-014	0.9999999999989869
003d6514114cafe466c7db0943f68af7	Bacteria;Firmicutes;Clostridia;Lachnospirales;Lachnospiraceae;GCA-900066575;uncultured-bacterium	0.9718961751514625
52074cc677525cc06688ce51f01dd83a	Bacteria;Firmicutes;Bacilli;Lactobacillales;Streptococcaceae;Lactococcus	0.9999994206354882
10d21d3d3023ea833cfa7b09f2146aaa	Bacteria;Firmicutes;Bacilli;Lactobacillales;Streptococcaceae;Lactococcus	0.9999994147989445
94a0d58cd76df4378a4aefdd94723612	Bacteria;Firmicutes;Bacilli;Lactobacillales;Streptococcaceae;Lactococcus	0.9999994216275764
2fb31e6c0b316dff7dabbac475648e02	Bacteria	0.9292366457478685
9f8920d6b6dd7ce601901d76411b8452	Bacteria;Proteobacteria;Alphaproteobacteria;Rhodobacterales;Rhodobacteraceae	0.9999999999910775
612624a3b411ca5c440a3fa8159aea28	Bacteria;Actinobacteriota;Actinobacteria;Bifidobacteriales;Bifidobacteriaceae;Bifidobacterium	0.9999992292252815
1f59335b6e3c14984a243b5d06aefa49	Bacteria;Firmicutes;Clostridia;Lachnospirales;Lachnospiraceae	0.9999998911437404
3e6595ac31223c240b2c73f2061d36d5	Bacteria;Firmicutes;Clostridia;Clostridia-UCG-014	0.999999999999808
8016fdf24d18a3d3858414d48d0d4175	Bacteria;Firmicutes;Clostridia;Lachnospirales;Lachnospiraceae;Blautia	0.9999996501238724
fa5af2d329ecc1fd7c6af6fe90f86cfb	Bacteria;Firmicutes;Clostridia;Lachnospirales;Lachnospiraceae;A2	0.9836856447252214
6694b31acbe600bceb70a424d3237602	Bacteria;Firmicutes;Bacilli;Erysipelotrichales;Erysipelatoclostridiaceae;Erysipelatoclostridium	0.9999896766086668
8022a32a0bd1caaad051b052581b2a31	Bacteria;Firmicutes;Bacilli;Erysipelotrichales;Erysipelatoclostridiaceae;Erysipelatoclostridium	0.9999891108703854
f752fd516e8603a029e0edadc7dd9209	Bacteria;Firmicutes;Clostridia;Oscillospirales;UCG-010;uncultured-organism	0.9537230777714605
7477bcbc8e227ede466817f080df527a	Bacteria;Firmicutes;Clostridia;Lachnospirales;Lachnospiraceae	0.9999833726597296
a2d94629995cfb2f37b03a08ce5bef2b	Bacteria;Firmicutes;Clostridia;Lachnospirales;Lachnospiraceae;GCA-900066575;uncultured-bacterium	0.9259419189996643
90f1fda9f626454b5ffe223b2c8c8f9a	Bacteria;Firmicutes;Clostridia;Oscillospirales;[Eubacterium]-coprostanoligenes-group	0.9999200206469661
9d37a3064bd19aac7c2aeb869a6ae2e4	Bacteria	0.9200252296211529
bb616cf48e3ad55a11b49a31ecc2b211	Bacteria;Firmicutes;Bacilli;Erysipelotrichales;Erysipelatoclostridiaceae;Erysipelatoclostridium	0.9999925393627247
e44fca27194156e2e7400b7e2f8d8b66	Bacteria;Firmicutes;Bacilli;Erysipelotrichales;Erysipelotrichaceae;Turicibacter;Turicibacter-sp.-LA61	0.9499765808001677
df14a64c8fb4586c536ef5c81836646e	Bacteria;Bacteroidota;Bacteroidia;Bacteroidales;Bacteroidaceae;Bacteroides	0.9999999931002939
12c64741e872f372e6b2a82da8d53920	Bacteria;Bacteroidota;Bacteroidia;Bacteroidales;Muribaculaceae;uncultured-Bacteroidales-bacterium	0.9285862163803013
c79240afcb380ad9753bb6f5670b8351	Bacteria;Bacteroidota;Bacteroidia;Bacteroidales;Bacteroidaceae;Bacteroides	0.999410192432086
5bfbcbe578378d5690361bd84ed7d3f2	Bacteria;Firmicutes;Bacilli;Lactobacillales;Streptococcaceae;Lactococcus	0.9999993045000647
1eea44dabd81d5aa638a7c014d049a0d	Bacteria;Firmicutes;Clostridia;Lachnospirales;Lachnospiraceae;Blautia;Lachnospiraceae-bacterium-DW59	0.987430188258028
4c79a08308e4f92605236e195318ab7f	Bacteria;Firmicutes;Clostridia;Lachnospirales;Lachnospiraceae;Roseburia;uncultured-bacterium	0.8227694077837779
4d98773da3315424646a1e9a7c6533d7	Bacteria;Bacteroidota;Bacteroidia;Bacteroidales;Bacteroidaceae;Bacteroides	0.9999999904356268
dd4afdf961669ed2a10e2afda803f2fe	Bacteria;Firmicutes;Bacilli;Lactobacillales;Streptococcaceae;Lactococcus	0.999998943098875
5d6f669920d8da3e5a241842ca832c4c	Bacteria;Firmicutes;Clostridia;Lachnospirales;Lachnospiraceae;Lachnoclostridium;Dorea-sp.-5-2	0.9682320275078792
58cd5e62a9003cae6b638a3e56bbcceb	Bacteria;Firmicutes;Clostridia;Oscillospirales;Oscillospiraceae;uncultured;uncultured-bacterium	0.9897550148146425
8270ef16a97526023e95ac0236c92f78	Bacteria;Firmicutes;Bacilli;Staphylococcales;Staphylococcaceae;Staphylococcus	0.999998241292544
e89725aacee90df98bf0b91f342bee19	Bacteria;Firmicutes;Clostridia;Lachnospirales;Lachnospiraceae	0.9999954754197561
3c8c8497c43f64255a20937ba8d1fb3f	Bacteria;Actinobacteriota;Actinobacteria;Bifidobacteriales;Bifidobacteriaceae;Bifidobacterium	0.9999993410433246
216bc363edb2bdaf90225190dec5ee2e	Bacteria;Firmicutes;Clostridia;Clostridia-UCG-014	0.999999999830839
537fb7ea78d1cf93c0c14f9270466f6a	Bacteria;Firmicutes;Clostridia;Oscillospirales	0.999987450451318
688d5fcf10a1f7dd0c87817ed34841c8	Bacteria;Firmicutes;Clostridia;Peptococcales;Peptococcaceae;uncultured;unidentified	0.999213709876321
8899a8612234e97bb6f8c3b2de7c1f8f	Bacteria;Firmicutes;Clostridia;Lachnospirales;Lachnospiraceae;A2	0.9778619182790679
0084cd68fe2fb17a399f9cfe30b5e914	Bacteria;Firmicutes;Bacilli;Erysipelotrichales;Erysipelatoclostridiaceae;Erysipelatoclostridium	0.9999949295076337
69afc72c1273c8c4d56989e852dab3ea	Bacteria;Firmicutes;Bacilli;Erysipelotrichales;Erysipelatoclostridiaceae;Erysipelatoclostridium	0.9999925031748081
eea5293c241bdc5fe915ec07f4d83de3	Bacteria;Firmicutes;Clostridia;Lachnospirales;Lachnospiraceae;Lachnospiraceae-NK4A136-group	0.8482507681755251
2b8eb6f1fe33fa0959e764ade21939d2	Bacteria;Bacteroidota;Bacteroidia;Bacteroidales;Muribaculaceae;uncultured-bacterium	0.9956008216523925
ec8e4149618feaba562180ec6b439896	Bacteria;Firmicutes;Clostridia;Oscillospirales;UCG-010;uncultured-organism	0.9097022131013859
0af04f55f56f391254b964229edc2b96	Bacteria;Bacteroidota;Bacteroidia;Bacteroidales;Bacteroidaceae;Bacteroides	0.9999999905578576
d25c1f03f6eb55183c9eeb5396b32c27	Bacteria;Firmicutes;Clostridia;Lachnospirales;Lachnospiraceae;Blautia	0.9999703180705072
c331c5986cec113171bf7d4f757c0a34	Bacteria;Firmicutes;Clostridia;Lachnospirales;Lachnospiraceae;Lachnoclostridium	0.8202088626901817
9057a0605e1bfff7868bb9b343f8f4ac	Bacteria;Firmicutes;Bacilli;Staphylococcales;Staphylococcaceae;Staphylococcus	0.9999638531074677
40dec64bd439feac6edd78883b7e39cb	Bacteria;Firmicutes;Clostridia;Lachnospirales;Lachnospiraceae;A2	0.9752221539897388
429456efc39f8229dd8162c808a0a644	Bacteria;Firmicutes;Clostridia;Lachnospirales;Lachnospiraceae	0.9999995265561248
361198f3d30a2e6f9d49af30606c2cd2	Bacteria;Proteobacteria;Alphaproteobacteria;Rickettsiales;Mitochondria;Pyropia-yezoensis	0.9948473668901298
cd37a686c86ffb9083316acd9ca72c62	Bacteria;Proteobacteria;Alphaproteobacteria;Rhodobacterales;Rhodobacteraceae;uncultured	0.8862789410400698
2625af09d16d3648f5895ddc10e7e3ea	Bacteria;Firmicutes;Bacilli;Lactobacillales;Lactobacillaceae;Lactobacillus	0.9999992339015953
7fa0902957e7f7319ba805725e724a8c	Bacteria;Proteobacteria;Alphaproteobacteria;Caulobacterales;Caulobacteraceae;Phenylobacterium	0.8536507874786439
a502da858cf3f3aa91759360ebfbc8e6	Bacteria;Firmicutes;Clostridia;Lachnospirales;Lachnospiraceae	0.9999999066448589
371b1908bcd682f7d7163f58a1c3df4b	Bacteria;Firmicutes;Bacilli;Erysipelotrichales;Erysipelatoclostridiaceae;Erysipelatoclostridium	0.999983752434739
9b8eed145f3422667f4f1f4e0a59613c	Bacteria;Firmicutes;Clostridia;Lachnospirales;Lachnospiraceae;uncultured;uncultured-bacterium	0.7569144079128932
ccce1cda3ecccc28e4a0d8a342314573	Bacteria;Firmicutes;Clostridia;Lachnospirales;Lachnospiraceae;uncultured;uncultured-bacterium	0.7602829745116411
e568a8b02a27173276b477088d29a2a3	Bacteria;Firmicutes;Bacilli;Lactobacillales;Streptococcaceae;Lactococcus	0.9999996257864792
ba50d6b8f9a74f0fb9013b940ef4bdb0	Bacteria;Bacteroidota;Bacteroidia;Bacteroidales;Bacteroidaceae;Bacteroides	0.9999244091696664
99f00ce9f8f61f5d8f582b52b41d6aaa	Bacteria;Firmicutes;Clostridia;Lachnospirales;Lachnospiraceae;Lachnospiraceae-NK4A136-group	0.8239122691293307
4298746fcffb4c02e8f36aea1490a23c	Bacteria;Bacteroidota;Bacteroidia;Bacteroidales;Muribaculaceae;uncultured-bacterium	0.9992784689946155
2b4549ffd21a5a7bf19768df5435da9e	Bacteria;Firmicutes;Clostridia;Lachnospirales;Lachnospiraceae;Lachnospiraceae-NK4A136-group	0.8446760986847343
75360fb71f542dc74abdbbdf30706686	Bacteria	0.8891296458398109
27a2ddc9bb3f50fc8c11b9a651e88279	Bacteria;Firmicutes;Clostridia;Clostridia-vadinBB60-group;uncultured-bacterium	0.9934029653159169
9e31ea4612b3362166d51f07cb60138a	Bacteria;Firmicutes;Clostridia;Lachnospirales;Lachnospiraceae;Lachnoclostridium;Dorea-sp.-5-2	0.866268608701091
987e547ebf8cab92d43f1d4dd99e0552	Bacteria;Firmicutes;Clostridia;Oscillospirales;Oscillospiraceae;NK4A214-group;uncultured-bacterium	0.9086399728676006
c94e4f29b8ae3d3319a895eedbf1f7bc	Bacteria;Firmicutes;Clostridia;Lachnospirales;Lachnospiraceae;Lachnoclostridium;Dorea-sp.-5-2	0.9563925840806295
cfc047a943bb3919a4508c5db931aa66	Bacteria;Firmicutes;Clostridia;Lachnospirales;Lachnospiraceae;Lachnospiraceae-UCG-006;uncultured-bacterium	0.9146908996295945
27ef0ae8df461b3365b676078f92ec7a	Bacteria;Bacteroidota;Bacteroidia;Bacteroidales;Bacteroidaceae;Bacteroides	0.9999951253097047
1dcb30b23c06474fa62f5ea04677fbcb	Bacteria;Bacteroidota;Bacteroidia;Flavobacteriales;Flavobacteriaceae;Aquimarina;Aquimarina-sp.-AD10	0.9865013272767927
587024925d253b4d2edd96435abac0a2	Bacteria;Bacteroidota;Bacteroidia;Flavobacteriales;Flavobacteriaceae;Mesoflavibacter;Mesoflavibacter-sp.-NBRC-110217	0.9862490523100415
49ef9259c2311579bd3f3f9fb115047a	Bacteria;Firmicutes;Clostridia;Lachnospirales;Lachnospiraceae;Roseburia;uncultured-bacterium	0.7238459130514621
e494b9bee65b3ab404b57288dcf42a22	Bacteria;Firmicutes;Bacilli;Erysipelotrichales;Erysipelotrichaceae;[Clostridium]-innocuum-group	0.9999972786507897
b8447f69cc784fa5d0d239b6db6b1d0a	Bacteria;Actinobacteriota;Actinobacteria;Bifidobacteriales;Bifidobacteriaceae;Bifidobacterium	0.9999992688703224
ba3a9f3314fc95dbd32baa5befcaab95	Bacteria;Firmicutes;Clostridia;Clostridia-UCG-014	0.99999999999987
1252d6477579458d08309cd12d16f724	Bacteria;Firmicutes;Bacilli;Staphylococcales;Staphylococcaceae;Staphylococcus	0.9998035503230246
7b642033f3e65443a6f97cb5ff9e3b7d	Bacteria;Bacteroidota;Bacteroidia;Bacteroidales;Muribaculaceae;uncultured-Bacteroidales-bacterium	0.775151468995029
3c674f44128acc722f7268730f179dc9	Bacteria;Firmicutes;Bacilli;Lactobacillales;Streptococcaceae;Lactococcus	0.9999993550756794
7db4418059945d6631691d8e4907f6c4	Bacteria;Firmicutes;Bacilli;Erysipelotrichales;Erysipelatoclostridiaceae;Erysipelatoclostridium	0.9999926607380403
56eb47a172977ac1e91ead506d2c41ac	Bacteria;Firmicutes;Bacilli;Erysipelotrichales;Erysipelatoclostridiaceae;Erysipelatoclostridium	0.9999844814088953
b9a17a6d828122ae157eb08adeedf6b7	Bacteria;Firmicutes;Clostridia;Lachnospirales;Lachnospiraceae	0.9993367703388459
e65580a18c4366adfce9c650b6b92984	Bacteria;Firmicutes;Clostridia;Lachnospirales;Lachnospiraceae	0.9999999408878841
6ecc966b3d0282ce80cb752d732456fe	Bacteria;Firmicutes;Clostridia;Clostridia-UCG-014;unidentified	0.9751071234133618
66824fbede6adb908205279d643b3c58	Bacteria;Firmicutes;Clostridia;Lachnospirales;Lachnospiraceae;Blautia;Lachnospiraceae-bacterium-28-4	0.7569979628278993
7d47d9b963cc833e437196ce71b9ba83	Bacteria;Firmicutes;Bacilli;Erysipelotrichales;Erysipelatoclostridiaceae;Erysipelatoclostridium	0.9999930714429894
93c855c350d2fefb7c417fba196bb691	Bacteria;Bacteroidota;Bacteroidia;Flavobacteriales;Flavobacteriaceae;Aquimarina	0.999999996902743
b216ddc88c454952aa542fdf87957fcf	Bacteria;Verrucomicrobiota;Verrucomicrobiae;Verrucomicrobiales;Rubritaleaceae;Persicirhabdus;uncultured-bacterium	0.9913994078114755
0775cc34776d9406c9b31ac30ee8402d	Bacteria;Proteobacteria;Alphaproteobacteria;Caulobacterales;Caulobacteraceae;Phenylobacterium	0.9010816842022437
644aa9b709f495be56f222177deea6c1	Bacteria;Firmicutes;Clostridia;Oscillospirales;UCG-010;uncultured-organism	0.9058697680005579
e0a56542afb4647a9cbf85af69691c2b	Bacteria;Firmicutes;Bacilli;Staphylococcales;Staphylococcaceae;Staphylococcus;Staphylococcus-lentus	0.870908609550467
5083b7ac06f4ba533619105b884afd9d	Bacteria;Firmicutes;Clostridia;Christensenellales;Christensenellaceae;uncultured;uncultured-bacterium	0.9967134581216028
60e09722b02779dcd06325dd1ae456a8	Bacteria;Bacteroidota;Bacteroidia;Bacteroidales;Muribaculaceae;uncultured-bacterium	0.9996975477926897
3911072492d01c44b93bcf77b5565e08	Bacteria;Bacteroidota;Bacteroidia;Bacteroidales;Muribaculaceae;uncultured-bacterium	0.8314429146449808
cc7f316806bf0dffb49ccdce0edd6bf9	Bacteria;Firmicutes;Clostridia;Lachnospirales;Lachnospiraceae;Lachnospiraceae-UCG-004;uncultured-bacterium	0.7792088887169081
1c6bc1a18afda1dc4316e54d7cecab99	Bacteria;Firmicutes;Clostridia;Lachnospirales;Lachnospiraceae;Lachnospiraceae-NK4A136-group;Lachnospiraceae-bacterium-COE1	0.9999982552904655
a02007cc17358ed093bc2a523a58f0cb	Bacteria;Firmicutes;Clostridia;Lachnospirales;Lachnospiraceae	0.9999992819788363
ede15879a84a46a2476ea6d554563696	Bacteria;Bacteroidota;Bacteroidia;Bacteroidales;Bacteroidaceae;Bacteroides	0.9999999915015134
f0c20830d8f98240d87fdb403bef3b55	Bacteria;Firmicutes;Clostridia;Lachnospirales;Lachnospiraceae;Lachnospiraceae-UCG-004;uncultured-bacterium	0.9043683053108275
d2b123302fb5a94596cb2fe094c8dad7	Bacteria;Firmicutes;Clostridia;Lachnospirales;Lachnospiraceae;uncultured;uncultured-bacterium	0.765526013239079
cddb1193287841cef431af5ba3e6d325	Bacteria;Firmicutes;Bacilli;Erysipelotrichales;Erysipelatoclostridiaceae;Erysipelatoclostridium	0.9999930128344376
284d1ae82b2ac5d5ca5d7b7da186b4a9	Bacteria;Verrucomicrobiota;Verrucomicrobiae;Verrucomicrobiales;Rubritaleaceae;Rubritalea;uncultured-bacterium	0.9999634757726564
2b8660f4e0646ddf05cbbb3277c03386	Bacteria;Verrucomicrobiota;Verrucomicrobiae;Verrucomicrobiales;Rubritaleaceae;Roseibacillus	0.9999999999998325
5e9ae85ecd456e18c1f5463148e62760	Bacteria;Firmicutes;Clostridia;Oscillospirales;Oscillospiraceae;Colidextribacter	0.9919874031800393
cc07dccb8deee0eb07c51219b534dd6b	Bacteria;Proteobacteria;Alphaproteobacteria;Caulobacterales;Hyphomonadaceae;Hellea;uncultured-marine-bacterium	0.8572400074795832
8cb3197e548ca57e279255b1790a732b	Bacteria;Firmicutes;Bacilli;Erysipelotrichales;Erysipelatoclostridiaceae;Erysipelatoclostridium	0.9999912938603522
20103b8300d8ec2e44c57cc43487d973	Bacteria;Firmicutes;Bacilli;Lactobacillales;Streptococcaceae;Lactococcus	0.9997105020982259
d0f0baa767e0b4ecc592cf6b697db9d6	Bacteria;Bacteroidota;Bacteroidia;Bacteroidales;Bacteroidaceae;Bacteroides	0.9999988672855141
ebca8ac64dbf4031a2a693c0103b089c	Bacteria;Firmicutes;Bacilli;Lactobacillales;Lactobacillaceae;Lactobacillus	0.9996768889030918
3384b5de66d36f67806c4a5992dafda4	Bacteria;Firmicutes;Clostridia;Lachnospirales;Lachnospiraceae;uncultured;uncultured-bacterium	0.9821632124452029
62e995ba70e01295def87562a935afdc	Bacteria;Firmicutes;Clostridia;Lachnospirales;Lachnospiraceae;Blautia;unidentified	0.9969454387655737
b155421a1d869a2af604208d6830a996	Bacteria;Firmicutes;Clostridia;Oscillospirales;UCG-010;uncultured-organism	0.9362452914870982
63d6c0004bec0dcf389e0e2a9be90760	Bacteria;Firmicutes;Clostridia;Lachnospirales;Lachnospiraceae	0.999294206537968
a0eee737a241a7794a28ce8302072c90	Bacteria;Firmicutes;Clostridia;Lachnospirales;Lachnospiraceae;A2	0.8782409194588733
2565b54198c50ceb712ee59f8196a273	Bacteria;Firmicutes;Bacilli;Erysipelotrichales;Erysipelatoclostridiaceae;Erysipelatoclostridium	0.9999908397905108
9955a7d24a193a6524e0cdb1ea7e047a	Bacteria;Firmicutes;Bacilli;Erysipelotrichales;Erysipelatoclostridiaceae;Erysipelatoclostridium	0.999992650350359
f961ee237dcd7e4d85b6d78110914d76	Bacteria;Firmicutes;Bacilli;Erysipelotrichales;Erysipelatoclostridiaceae;Erysipelatoclostridium	0.9999916171155341
920a52df5a94113f89147231f9c10030	Bacteria;Bacteroidota;Bacteroidia;Bacteroidales;Bacteroidaceae;Bacteroides	0.9999201978405907
95c0396d58dd5a1606a1590791d7318c	Bacteria;Bacteroidota;Bacteroidia;Bacteroidales;Bacteroidaceae;Bacteroides	0.9999999913185618
536fd7dd5aaeb0a1a5ac8ba3944c3ff8	Bacteria	0.8631030390953209
7769d7c28a83b98d692083fc5b126198	Bacteria;Bacteroidota;Bacteroidia;Bacteroidales;Muribaculaceae;uncultured-bacterium	0.994513841317971
b39545bc0c96aa3bb848e56a1564fdb6	Bacteria;Firmicutes;Clostridia;Peptostreptococcales-Tissierellales;Peptostreptococcaceae;Paeniclostridium	0.8323756406873088
84cc696cabe2468673736a0bb8cab717	Bacteria;Proteobacteria;Alphaproteobacteria;Sphingomonadales;Sphingomonadaceae;Erythrobacter	0.9117363817400447
c4ddb4757d7e2d9673b8f64adf680bf6	Bacteria;Cyanobacteria;Cyanobacteriia;Chloroplast	0.9999999999999496
c9e2d828224dc67591639296a49f7556	Bacteria;Cyanobacteria;Cyanobacteriia;Chloroplast	0.9999999999999956
ddc9e663f1f9e9ccfd5d6c7681da3edd	Bacteria;Bacteroidota;Bacteroidia;Bacteroidales;Bacteroidaceae;Bacteroides	0.9999999923429138
5398daab1c0482344d3a10eeabc4f9f3	Bacteria;Firmicutes;Clostridia;Lachnospirales;Lachnospiraceae;Lachnospiraceae-NK4A136-group	0.9477703287461604
b0e4059ed846458c0eb16f71057662e4	Bacteria;Firmicutes;Bacilli;Erysipelotrichales;Erysipelotrichaceae;uncultured-bacterium	0.9999996966784186
9f8d0fe09094bad7abf866e441799531	Bacteria;Firmicutes;Clostridia;Lachnospirales;Lachnospiraceae;Lachnospiraceae-NK4A136-group;uncultured-bacterium	0.7077425082259214
89d118da8254d3255ee5c0b8bda3345f	Bacteria;Firmicutes;Clostridia;Lachnospirales;Lachnospiraceae;uncultured;uncultured-bacterium	0.953114865525237
9ee572f974fbeb768ee59e9d8b0ace1d	Bacteria;Actinobacteriota;Actinobacteria;Corynebacteriales;Corynebacteriaceae;Corynebacterium;Corynebacterium-stationis	0.8988476330213571
4df52176f05b173651de55b0c8cca1f5	Bacteria;Proteobacteria;Alphaproteobacteria;Rhizobiales;Xanthobacteraceae;Xanthobacter	0.9825852768803882
1d5e4a8831c5c5787ed7def8acf53243	Bacteria;Firmicutes;Clostridia;Oscillospirales;Ruminococcaceae;uncultured	0.9817191370583809
7e537c12b9af4d0e06d9c229f25d2176	Bacteria;Proteobacteria;Gammaproteobacteria;Burkholderiales;Comamonadaceae;Delftia	0.999825121257465
181c8e9ae6c5031553e4e043ba7305f0	Bacteria;Firmicutes;Clostridia;Lachnospirales;Lachnospiraceae	0.9770815759246522
03320243427377f62f25e7c0d3a39730	Bacteria;Bacteroidota;Bacteroidia;Bacteroidales	0.9998739720369902
ffc3585b444d585ddab8378c4f8f2728	Bacteria	0.937934562052409
e53d1d4ec927d1beb3aa44ee3ab9e772	Bacteria;Firmicutes;Bacilli;RF39;metagenome	0.8604146975936211
252db2b3d19051b3dd8a981635836ff2	Bacteria;Firmicutes;Clostridia;Lachnospirales;Lachnospiraceae;Blautia;Lachnospiraceae-bacterium-DW59	0.9898794281951871
8a31b9fefb08985cecf07e68f72cb82b	Bacteria;Firmicutes;Clostridia;Lachnospirales;Lachnospiraceae;Lachnoclostridium	0.8167580374892913
095634f2452b42de27e5b2f21a61f8d1	Bacteria;Firmicutes;Clostridia	0.9823019382334558
e3db0ab57d50f35f0e4106f80f0a2177	Bacteria;Bacteroidota;Bacteroidia;Bacteroidales;Bacteroidaceae;Bacteroides	0.999999990681035
ce6467676eccd858623c4d87490d8601	Bacteria;Firmicutes;Bacilli;Erysipelotrichales;Erysipelatoclostridiaceae;Erysipelatoclostridium	0.9999936854297891
cdab796e4603ba6ed263de3ae78d7b9f	Bacteria;Bacteroidota;Bacteroidia;Bacteroidales;Muribaculaceae;uncultured-bacterium	0.9642998273216912
1bc1260df8a97cc7516c69a8c54cd92a	Bacteria;Firmicutes;Clostridia;Lachnospirales;Lachnospiraceae	0.9999975767296995
6b1504b01b230257cb13f1ecd7c8d11a	Bacteria;Firmicutes;Clostridia;Oscillospirales;Oscillospiraceae;uncultured;uncultured-bacterium	0.8368145800719444
6a6f95efd3f223ba052552002eb97f95	Bacteria;Bacteroidota;Bacteroidia;Bacteroidales;Prevotellaceae;Alloprevotella;uncultured-Bacteroidales-bacterium	0.9881039448468111
a3a581c28f997bafa0c32adf86bcad69	Bacteria;Bacteroidota;Bacteroidia;Bacteroidales;Muribaculaceae;uncultured-bacterium	0.9341846947264293
67e728d271f0e844400ec8bd1ba96649	Bacteria;Firmicutes;Clostridia;Lachnospirales;Lachnospiraceae;Blautia	0.9999551758869786
101b8c4333e7f8ba9ea10168db9582e9	Bacteria;Firmicutes;Clostridia;Oscillospirales;Oscillospiraceae;Colidextribacter	0.9895985821581501
8146deefacadef2055916d06c19a3abd	Bacteria;Firmicutes;Bacilli;Staphylococcales;Staphylococcaceae;Jeotgalicoccus	0.9999990920490933
3ce701ffff50d7c8339b833bb4f3dfb6	Bacteria;Proteobacteria;Gammaproteobacteria;Pseudomonadales;Moraxellaceae;Acinetobacter	0.9999999920261715
5183b064391d751ec3f9ff89f7944580	Bacteria;Firmicutes;Bacilli;Staphylococcales;Staphylococcaceae;Staphylococcus	0.9984774419891806
7c6f4305300b4373afc89126abb0fa51	Bacteria;Firmicutes;Bacilli;Erysipelotrichales;Erysipelatoclostridiaceae;Erysipelatoclostridium	0.9999945616783391
134a6b6158691fb493daaac52b72628a	Bacteria;Firmicutes;Clostridia;Lachnospirales;Lachnospiraceae	0.9128148573831545
f6cce7d2dc5bbc0a27571e241bbb5167	Bacteria;Firmicutes;Bacilli;Erysipelotrichales;Erysipelatoclostridiaceae;Erysipelatoclostridium;[Clostridium]-cocleatum	0.9559622294097111
114b3bdfb62b002d1c84fa5ae19dbd7d	Bacteria;Firmicutes;Clostridia;Lachnospirales;Lachnospiraceae;Blautia	0.9999994018313739
060a0baff2dd5d3c5cd4d857ebe62139	Bacteria;Firmicutes;Clostridia;Lachnospirales;Lachnospiraceae;Blautia	0.9377144363313688
d172ce957e012eba2a0236b70fc7af59	Unassigned	0.812132765441071
7586ded66c43cc171ea6439a11d8db84	Bacteria;Bacteroidota;Bacteroidia;Flavobacteriales;Flavobacteriaceae;Flavobacterium;Flavobacterium-sp.-HYN0059	0.8692566487357719
8f1e53c36aa3e707be6d6864e4621f59	Bacteria;Firmicutes;Clostridia;Lachnospirales;Lachnospiraceae	0.9999984792437568
5e3492c26b684fe626bb0f01b4040259	Bacteria;Firmicutes;Clostridia;Lachnospirales;Lachnospiraceae;uncultured-bacterium	0.9462640344027952
4f2eb32645c48c58d49d579939d73e84	Bacteria;Firmicutes;Clostridia;Lachnospirales;Lachnospiraceae;A2	0.9836845838485523
af7c186ca3357aedc76ee0e72a08a9a5	Bacteria;Firmicutes;Bacilli;Erysipelotrichales;Erysipelatoclostridiaceae;Erysipelatoclostridium	0.9999919705428106
ffc33a78b1c41ed94cd813cd4700c510	Bacteria;Bacteroidota;Bacteroidia;Bacteroidales;Muribaculaceae;uncultured-bacterium	0.9213452699946134
ebfdb94ffa5029a810a149bb1fccc10a	Bacteria;Firmicutes;Clostridia;Lachnospirales;Lachnospiraceae;Lachnoclostridium;uncultured-bacterium	0.7440176101526681
0c86b493dc60457c13df2d6cf6448439	Bacteria;Firmicutes;Bacilli;Lactobacillales;Streptococcaceae;Lactococcus	0.9974914539135942
6503662fb0af92182d4434444debae69	Bacteria;Firmicutes;Clostridia;Lachnospirales;Lachnospiraceae;A2	0.8485389877800112
929d4e09367475a69b6bec1d1b2e7f2e	Bacteria;Bacteroidota;Bacteroidia;Bacteroidales	0.9998574885173016
96bbb172ead2f38c46bfec645baee476	Bacteria;Firmicutes;Clostridia;Clostridia-UCG-014;unidentified	0.9793333539563303
ae5a3f8d2c714e22087d48e2149ec35d	Bacteria;Firmicutes;Clostridia;Oscillospirales;[Eubacterium]-coprostanoligenes-group	0.9999994237758916
082aa378fccae8de271f44da67961a7c	Bacteria;Firmicutes;Clostridia;Lachnospirales;Lachnospiraceae;A2	0.8436859552471682
5a673dca33482f5cc28a04830d263985	Bacteria;Firmicutes;Clostridia;Lachnospirales;Lachnospiraceae;uncultured;uncultured-bacterium	0.8134907998102124
4db37ea139610ac77d5f94371cab7408	Bacteria;Bacteroidota;Bacteroidia;Bacteroidales;Bacteroidaceae;Bacteroides	0.9999999916090626
b703088400b2a74c21d2b2e68ce5ffe0	Bacteria;Firmicutes;Clostridia;Lachnospirales;Lachnospiraceae;uncultured;uncultured-bacterium	0.9124506649453421
e9e12d1b27810e3148c290a46999a926	Bacteria;Firmicutes;Clostridia;Lachnospirales;Lachnospiraceae;uncultured;Clostridiales-bacterium-CIEAF-016	0.9479585258512886
08ee4c5e9a2b730749d7e9dc60064516	Bacteria;Firmicutes;Clostridia;Lachnospirales;Lachnospiraceae	0.9999526053694077
afee4768ff9c355a50cc81b7005bae41	Bacteria;Firmicutes;Bacilli;Erysipelotrichales;Erysipelatoclostridiaceae;Erysipelatoclostridium	0.999995377380086
ff78193216cd7c8fba1f6e102d50aa43	Bacteria;Bacteroidota;Bacteroidia;Bacteroidales;Rikenellaceae;Alistipes	0.9978628394743184
51193c27c60b9554ea45720f35f93a32	Bacteria;Bacteroidota;Bacteroidia;Bacteroidales;Bacteroidaceae;Bacteroides	0.9999921389186509
